deposit the first,age,gender,Gift,Mobile banking,Special benefits,Recommendation
100,1,Both,yes,no,yes,Isuru Udana-People's Bank
110,2,Both,yes,no,yes,Isuru Udana-People's Bank
190,5,Both,yes,no,yes,Isuru Udana-People's Bank
200,4,Both,no,no,yes,Arunalu-Commercial Bank
210,3,Both,no,no,yes,Arunalu-Commercial Bank
250,6,Both,yes,no,yes,Sisu Udana-People's Bank
260,7,Both,yes,no,yes,Sisu Udana-People's Bank
270,8,Both,yes,no,yes,Sisu Udana-People's Bank
280,9,Both,yes,no,yes,Sisu Udana-People's Bank
290,10,Both,yes,no,yes,Sisu Udana-People's Bank
350,11,Both,yes,no,yes,Sisu Udana-People's Bank
360,12,Both,yes,no,yes,Sisu Udana-People's Bank
370,13,Both,yes,no,yes,Sisu Udana-People's Bank
380,14,Both,yes,no,yes,Sisu Udana-People's Bank
400,15,Both,yes,no,yes,Sisu Udana-People's Bank
450,16,Both,yes,no,yes,Sisu Udana-People's Bank
270,8,Both,no,no,yes,Arunalu-Commercial Bank
280,9,Both,no,no,yes,Arunalu-Commercial Bank
290,10,Both,no,no,yes,Arunalu-Commercial Bank
350,11,Both,no,no,yes,Arunalu-Commercial Bank
360,12,Both,no,no,yes,Arunalu-Commercial Bank
400,6,Both,no,no,yes,Arunalu-Commercial Bank
410,7,Both,no,no,yes,Arunalu-Commercial Bank
420,8,Both,no,no,yes,Arunalu-Commercial Bank
430,9,Both,no,no,yes,Arunalu-Commercial Bank
440,10,Both,yes,no,yes,Sisu Udana-People's Bank
450,11,Both,yes,no,yes,Sisu Udana-People's Bank
460,12,Both,yes,no,yes,Sisu Udana-People's Bank
470,13,Both,yes,no,yes,Sisu Udana-People's Bank
480,14,Both,yes,no,yes,Sisu Udana-People's Bank
490,15,Both,yes,no,yes,Sisu Udana-People's Bank
500,16,Both,yes,no,yes,Pubudu Account-Sampayh bank
510,17,Both,yes,no,yes,Pubudu Account-Sampayh bank
520,18,Both,yes,no,yes,Pubudu Account-Sampayh bank
530,6,Both,yes,no,yes,Pubudu Account-Sampayh bank
540,7,Both,yes,no,yes,Pubudu Account-Sampayh bank
550,8,Both,yes,no,yes,Pubudu Account-Sampayh bank
560,9,Both,yes,no,yes,Pubudu Account-Sampayh bank
570,10,Both,yes,no,yes,Pubudu Account-Sampayh bank
580,11,Both,yes,no,yes,Pubudu Account-Sampayh bank
590,12,Both,yes,no,yes,Pubudu Account-Sampayh bank
670,7,Both,yes,no,yes,Pubudu Account-Sampayh bank
680,8,Both,yes,no,yes,Pubudu Account-Sampayh bank
690,9,Both,yes,no,yes,Pubudu Account-Sampayh bank
700,10,Both,yes,no,yes,Pubudu Account-Sampayh bank
710,11,Both,yes,no,yes,Pubudu Account-Sampayh bank
720,12,Both,yes,no,yes,Pubudu Account-Sampayh bank
730,13,Both,yes,no,yes,Pubudu Account-Sampayh bank
740,14,Both,yes,no,yes,Pubudu Account-Sampayh bank
750,15,Both,yes,no,yes,Pubudu Account-Sampayh bank
880,15,Both,yes,no,yes,Pubudu Account-Sampayh bank
890,16,Both,yes,no,yes,Pubudu Account-Sampayh bank
900,17,Both,yes,no,yes,Pubudu Account-Sampayh bank
950,9,Both,yes,no,yes,Pubudu Account-Sampayh bank
960,10,Both,yes,no,yes,Pubudu Account-Sampayh bank
970,11,Both,yes,no,yes,Pubudu Account-Sampayh bank
980,12,Both,yes,no,yes,Pubudu Account-Sampayh bank
990,13,Both,yes,no,yes,Pubudu Account-Sampayh bank
1000,14,Both,no,no,yes,Sapiri Account-Sampath Bank
1010,15,Both,no,no,yes,Sapiri Account-Sampath Bank
1020,16,Both,no,no,yes,Sapiri Account-Sampath Bank
1030,17,Both,no,no,yes,Sapiri Account-Sampath Bank
1040,18,Both,no,no,yes,Sapiri Account-Sampath Bank
1190,7,Both,no,no,yes,Sapiri Account-Sampath Bank
1200,8,Both,no,no,yes,Sapiri Account-Sampath Bank
1210,9,Both,no,no,yes,Sapiri Account-Sampath Bank
1220,10,Both,no,no,yes,Sapiri Account-Sampath Bank
1230,11,Both,no,no,yes,Sapiri Account-Sampath Bank
1240,12,Both,no,no,yes,Sapiri Account-Sampath Bank
1250,13,Both,no,no,yes,Sapiri Account-Sampath Bank
1260,14,Both,no,no,yes,Sapiri Account-Sampath Bank
1270,15,Both,no,no,yes,Sapiri Account-Sampath Bank
1280,16,Both,Yes,no,yes,Pubudu Account-Sampayh bank
1290,17,Both,Yes,no,yes,Pubudu Account-Sampayh bank
1300,18,Both,Yes,no,yes,Pubudu Account-Sampayh bank
1310,6,Both,Yes,no,yes,Pubudu Account-Sampayh bank
1320,7,Both,Yes,no,yes,Pubudu Account-Sampayh bank
1330,8,Both,no,no,yes,Sapiri Account-Sampath Bank
1340,9,Both,no,no,yes,Sapiri Account-Sampath Bank
1350,10,Both,no,no,yes,Sapiri Account-Sampath Bank
1360,11,Both,no,no,yes,Sapiri Account-Sampath Bank
1370,12,Both,no,no,yes,Sapiri Account-Sampath Bank
1380,13,Both,no,no,yes,Sapiri Account-Sampath Bank
1390,14,Both,no,no,yes,Sapiri Account-Sampath Bank
1400,15,Both,no,no,yes,Sapiri Account-Sampath Bank
1490,11,Both,no,no,yes,Sapiri Account-Sampath Bank
1500,12,Both,no,no,yes,Sapiri Account-Sampath Bank
1510,13,Both,no,no,yes,Sapiri Account-Sampath Bank
1520,14,Both,no,no,yes,Sapiri Account-Sampath Bank
1530,15,Both,no,no,yes,Sapiri Account-Sampath Bank
1540,16,Both,yes,no,yes,Pubudu Account-Sampayh bank
1550,17,Both,yes,no,yes,Pubudu Account-Sampayh bank
1560,18,Both,yes,no,yes,Pubudu Account-Sampayh bank
2000,6,Both,yes,no,yes,Pubudu Account-Sampayh bank
3000,7,Both,yes,no,yes,Pubudu Account-Sampayh bank
4000,8,Both,yes,no,yes,Pubudu Account-Sampayh bank
5000,9,Both,yes,no,yes,Pubudu Account-Sampayh bank
6000,10,Both,yes,no,yes,Pubudu Account-Sampayh bank
7000,11,Both,yes,no,yes,Pubudu Account-Sampayh bank
8000,12,Both,yes,no,yes,Pubudu Account-Sampayh bank
9000,13,Both,yes,no,yes,Pubudu Account-Sampayh bank
10000,14,Both,yes,no,yes,Pubudu Account-Sampayh bank
11000,15,Both,yes,no,yes,Pubudu Account-Sampayh bank
12000,16,Both,yes,no,yes,Sapiri Account-Sampayh bank
4000,8,Both,no,no,yes,Sapiri Account-Sampayh bank
5000,9,Both,no,no,yes,Sapiri Account-Sampayh bank
6000,10,Both,no,no,yes,Sapiri Account-Sampayh bank
7000,11,Both,no,no,yes,Sapiri Account-Sampayh bank
8000,12,Both,no,no,yes,Sapiri Account-Sampayh bank
9000,13,Both,no,no,yes,Sapiri Account-Sampayh bank
10000,14,Both,no,no,yes,Sapiri Account-Sampayh bank
11000,15,Both,no,no,yes,Sapiri Account-Sampayh bank
12000,16,Both,no,no,yes,Sapiri Account-Sampayh bank
190,5,Both,yes,yes,yes,18+ - BOC Bank
200,4,Both,yes,yes,yes,18+ - BOC Bank
210,3,Both,yes,yes,yes,18+ - BOC Bank
250,6,Both,yes,yes,yes,18+ - BOC Bank
260,7,Both,yes,yes,yes,18+ - BOC Bank
270,8,Both,yes,yes,yes,18+ - BOC Bank
280,9,Both,yes,yes,yes,18+ - BOC Bank
290,10,Both,yes,yes,yes,18+ - BOC Bank
350,11,Both,yes,yes,yes,18+ - BOC Bank
740,14,Both,yes,yes,yes,18+ - BOC Bank
750,15,Both,yes,yes,yes,18+ - BOC Bank
880,15,Both,yes,yes,yes,18+ - BOC Bank
890,16,Both,yes,yes,yes,18+ - BOC Bank
900,17,Both,yes,yes,yes,18+ - BOC Bank
950,9,Both,yes,yes,yes,18+ - BOC Bank
960,10,Both,yes,yes,yes,18+ - BOC Bank
1270,15,Both,yes,yes,yes,18+ - BOC Bank
1280,16,Both,yes,yes,yes,18+ - BOC Bank
1290,17,Both,yes,yes,yes,18+ - BOC Bank
1300,18,Both,yes,yes,yes,18+ - BOC Bank
1310,6,Both,yes,yes,yes,18+ - BOC Bank
1320,7,Both,yes,yes,yes,18+ - BOC Bank
1330,8,Both,yes,yes,yes,18+ - BOC Bank
1340,9,Both,yes,yes,yes,18+ - BOC Bank
6000,10,Both,yes,yes,yes,18+ - BOC Bank
7000,11,Both,yes,yes,yes,18+ - BOC Bank
8000,12,Both,yes,yes,yes,18+ - BOC Bank
9000,13,Both,yes,yes,yes,18+ - BOC Bank
10000,14,Both,yes,yes,yes,18+ - BOC Bank
11000,15,Both,yes,yes,yes,18+ - BOC Bank
12000,16,Both,yes,yes,yes,18+ - BOC Bank
500,18,Both,no,yes,no,X-SET - Sampath Bank
600,19,Both,no,yes,no,X-SET - Sampath Bank
700,17,Both,no,yes,no,X-SET - Sampath Bank
800,15,Both,no,yes,no,X-SET - Sampath Bank
900,13,Both,no,yes,no,X-SET - Sampath Bank
2000,25,Both,no,yes,yes,Yes Account - People's Bank
2800,30,Both,no,yes,yes,Yes Account - People's Bank
3200,34,Both,no,yes,yes,Yes Account - People's Bank
3900,35,Both,no,yes,yes,Yes Account - People's Bank
4000,36,Both,no,yes,yes,Yes Account - People's Bank
4100,37,Both,no,yes,yes,Yes Account - People's Bank
4600,42,Both,no,yes,yes,Yes Account - People's Bank
4700,43,Both,no,yes,yes,Yes Account - People's Bank
4800,44,Both,no,yes,yes,Yes Account - People's Bank
4900,45,Both,no,yes,yes,Yes Account - People's Bank
5000,18,Both,no,yes,yes,Yes Account - People's Bank
5400,19,Both,no,yes,yes,Yes Account - People's Bank
5500,20,Both,no,yes,yes,Yes Account - People's Bank
5600,21,Both,no,yes,yes,Yes Account - People's Bank
5700,22,Both,no,yes,yes,Yes Account - People's Bank
5800,23,Both,no,yes,yes,Yes Account - People's Bank
5900,24,Both,no,yes,yes,Yes Account - People's Bank
6300,25,Both,no,yes,yes,Yes Account - People's Bank
6400,26,Both,no,yes,yes,Yes Account - People's Bank
6500,27,Both,no,yes,yes,Yes Account - People's Bank
7000,28,Both,no,yes,yes,Yes Account - People's Bank
7100,29,Both,no,yes,yes,Yes Account - People's Bank
7200,30,Both,no,yes,yes,Yes Account - People's Bank
7300,31,Both,no,yes,yes,Yes Account - People's Bank
7400,32,Both,no,yes,yes,Yes Account - People's Bank
7500,33,Both,no,yes,yes,Yes Account - People's Bank
7600,34,Both,no,yes,yes,Yes Account - People's Bank
8400,35,Both,no,yes,yes,Yes Account - People's Bank
8900,36,Both,no,yes,yes,Yes Account - People's Bank
9000,37,Both,no,yes,yes,Yes Account - People's Bank
9100,38,Both,no,yes,yes,Yes Account - People's Bank
9200,39,Both,no,yes,yes,Yes Account - People's Bank
9300,40,Both,no,yes,yes,Yes Account - People's Bank
9400,41,Both,no,yes,yes,Yes Account - People's Bank
9500,42,Both,no,yes,yes,Yes Account - People's Bank
9600,43,Both,no,yes,yes,Yes Account - People's Bank
9700,44,Both,no,yes,yes,Yes Account - People's Bank
9800,45,Both,no,yes,yes,Yes Account - People's Bank
9900,34,Both,no,yes,yes,Yes Account - People's Bank
10000,43,Both,no,yes,yes,Yes Account - People's Bank
10100,26,Both,no,yes,yes,Yes Account - People's Bank
10200,38,Both,no,yes,yes,Yes Account - People's Bank
10300,22,Both,no,yes,yes,Yes Account - People's Bank
10400,29,Both,no,yes,yes,Yes Account - People's Bank
10500,41,Both,no,yes,yes,Yes Account - People's Bank
10600,39,Both,no,yes,yes,Yes Account - People's Bank
1000,18,Both,no,yes,yes,Vibe Account- Commercial Bank
1100,19,Both,no,yes,yes,Vibe Account- Commercial Bank
1200,20,Both,no,yes,yes,Vibe Account- Commercial Bank
1300,21,Both,no,yes,yes,Vibe Account- Commercial Bank
1400,22,Both,no,yes,yes,Vibe Account- Commercial Bank
1600,24,Both,no,yes,yes,Vibe Account- Commercial Bank
1700,25,Both,no,yes,yes,Vibe Account- Commercial Bank
1800,26,Both,no,yes,yes,Vibe Account- Commercial Bank
1500,30,Both,no,yes,yes,Vibe Account- Commercial Bank
1600,34,Both,no,yes,yes,Vibe Account- Commercial Bank
1700,35,Both,no,yes,yes,Vibe Account- Commercial Bank
11000,18,Both,no,yes,yes,Yes Account - People's Bank
13000,19,Both,no,yes,yes,Yes Account - People's Bank
15000,20,Both,no,yes,yes,Yes Account - People's Bank
17000,21,Both,no,yes,yes,Yes Account - People's Bank
19000,22,Both,no,yes,yes,Yes Account - People's Bank
21000,23,Both,no,yes,yes,Yes Account - People's Bank
23000,24,Both,no,yes,yes,Yes Account - People's Bank
25000,25,Both,no,yes,yes,Yes Account - People's Bank
27000,26,Both,no,yes,yes,Yes Account - People's Bank
29000,27,Both,no,yes,yes,Yes Account - People's Bank
31000,28,Both,no,yes,yes,Yes Account - People's Bank
33000,29,Both,no,yes,yes,Yes Account - People's Bank
35000,30,Both,no,yes,yes,Yes Account - People's Bank
37000,31,Both,no,yes,yes,Yes Account - People's Bank
39000,32,Both,no,yes,yes,Yes Account - People's Bank
41000,33,Both,no,yes,yes,Yes Account - People's Bank
43000,34,Both,no,yes,yes,Yes Account - People's Bank
45000,35,Both,no,yes,yes,Yes Account - People's Bank
47000,36,Both,no,yes,yes,Yes Account - People's Bank
49000,37,Both,no,yes,yes,Yes Account - People's Bank
51000,38,Both,no,yes,yes,Yes Account - People's Bank
53000,39,Both,no,yes,yes,Yes Account - People's Bank
55000,40,Both,no,yes,yes,Yes Account - People's Bank
57000,41,Both,no,yes,yes,Yes Account - People's Bank
59000,42,Both,no,yes,yes,Yes Account - People's Bank
61000,43,Both,no,yes,yes,Yes Account - People's Bank
63000,44,Both,no,yes,yes,Yes Account - People's Bank
65000,45,Both,no,yes,yes,Yes Account - People's Bank
67000,18,Both,no,yes,yes,Yes Account - People's Bank
69000,19,Both,no,yes,yes,Yes Account - People's Bank
71000,20,Both,no,yes,yes,Yes Account - People's Bank
73000,21,Both,no,yes,yes,Yes Account - People's Bank
75000,22,Both,no,yes,yes,Yes Account - People's Bank
77000,23,Both,no,yes,yes,Yes Account - People's Bank
79000,24,Both,no,yes,yes,Yes Account - People's Bank
81000,25,Both,no,yes,yes,Yes Account - People's Bank
83000,26,Both,no,yes,yes,Yes Account - People's Bank
85000,27,Both,no,yes,yes,Yes Account - People's Bank
87000,28,Both,no,yes,yes,Yes Account - People's Bank
89000,29,Both,no,yes,yes,Yes Account - People's Bank
91000,30,Both,no,yes,yes,Yes Account - People's Bank
93000,31,Both,no,yes,yes,Yes Account - People's Bank
95000,32,Both,no,yes,yes,Yes Account - People's Bank
97000,33,Both,no,yes,yes,Yes Account - People's Bank
99000,34,Both,no,yes,yes,Yes Account - People's Bank
101000,35,Both,no,yes,yes,Yes Account - People's Bank
103000,36,Both,no,yes,yes,Yes Account - People's Bank
105000,37,Both,no,yes,yes,Yes Account - People's Bank
107000,38,Both,no,yes,yes,Yes Account - People's Bank
109000,39,Both,no,yes,yes,Yes Account - People's Bank
111000,40,Both,no,yes,yes,Yes Account - People's Bank
200,55,Both,no,yes,yes,Achara Account-NDB Bank
300,56,Both,no,yes,yes,Achara Account-NDB Bank
400,57,Both,no,yes,yes,Achara Account-NDB Bank
500,58,Both,no,yes,yes,Achara Account-NDB Bank
600,59,Both,no,yes,yes,Achara Account-NDB Bank
700,60,Both,no,yes,yes,Achara Account-NDB Bank
800,61,Both,no,yes,yes,Achara Account-NDB Bank
900,62,Both,no,yes,yes,Achara Account-NDB Bank
1000,63,Both,no,yes,yes,Achara Account-NDB Bank
1100,64,Both,no,yes,yes,Achara Account-NDB Bank
1200,65,Both,no,yes,yes,Achara Account-NDB Bank
1300,66,Both,no,yes,yes,Achara Account-NDB Bank
1400,67,Both,no,yes,yes,Achara Account-NDB Bank
1500,68,Both,no,yes,yes,Achara Account-NDB Bank
1600,69,Both,no,yes,yes,Achara Account-NDB Bank
1700,70,Both,no,yes,yes,Achara Account-NDB Bank
1800,71,Both,no,yes,yes,Achara Account-NDB Bank
1900,72,Both,no,yes,yes,Achara Account-NDB Bank
2000,73,Both,no,yes,yes,Achara Account-NDB Bank
2100,74,Both,no,yes,yes,Achara Account-NDB Bank
2200,75,Both,no,yes,yes,Achara Account-NDB Bank
2300,76,Both,no,yes,yes,Achara Account-NDB Bank
2400,77,Both,no,yes,yes,Achara Account-NDB Bank
2500,78,Both,no,yes,yes,Achara Account-NDB Bank
2600,79,Both,no,yes,yes,Achara Account-NDB Bank
2700,80,Both,no,yes,yes,Achara Account-NDB Bank
2800,81,Both,no,yes,yes,Achara Account-NDB Bank
2900,82,Both,no,yes,yes,Achara Account-NDB Bank
3000,83,Both,no,yes,yes,Achara Account-NDB Bank
3100,84,Both,no,yes,yes,Achara Account-NDB Bank
3200,85,Both,no,yes,yes,Achara Account-NDB Bank
3300,86,Both,no,yes,yes,Achara Account-NDB Bank
3400,87,Both,no,yes,yes,Achara Account-NDB Bank
3500,88,Both,no,yes,yes,Achara Account-NDB Bank
3600,89,Both,no,yes,yes,Achara Account-NDB Bank
3700,90,Both,no,yes,yes,Achara Account-NDB Bank
3800,91,Both,no,yes,yes,Achara Account-NDB Bank
3900,92,Both,no,yes,yes,Achara Account-NDB Bank
4000,93,Both,no,yes,yes,Achara Account-NDB Bank
4100,94,Both,no,yes,yes,Achara Account-NDB Bank
4200,95,Both,no,yes,yes,Achara Account-NDB Bank
4300,96,Both,no,yes,yes,Achara Account-NDB Bank
4400,97,Both,no,yes,yes,Achara Account-NDB Bank
4500,98,Both,no,yes,yes,Achara Account-NDB Bank
4600,99,Both,no,yes,yes,Achara Account-NDB Bank
4700,100,Both,no,yes,yes,Achara Account-NDB Bank
4800,55,Both,no,yes,yes,Achara Account-NDB Bank
4900,56,Both,no,yes,yes,Achara Account-NDB Bank
5000,57,Both,no,yes,yes,Achara Account-NDB Bank
5100,58,Both,no,yes,yes,Achara Account-NDB Bank
5200,59,Both,no,yes,yes,Achara Account-NDB Bank
5300,60,Both,no,yes,yes,Achara Account-NDB Bank
5400,61,Both,no,yes,yes,Achara Account-NDB Bank
5500,62,Both,no,yes,yes,Achara Account-NDB Bank
5600,63,Both,no,yes,yes,Achara Account-NDB Bank
5700,64,Both,no,yes,yes,Achara Account-NDB Bank
5800,65,Both,no,yes,yes,Achara Account-NDB Bank
5900,66,Both,no,yes,yes,Achara Account-NDB Bank
6000,67,Both,no,yes,yes,Achara Account-NDB Bank
6100,68,Both,no,yes,yes,Achara Account-NDB Bank
6200,69,Both,no,yes,yes,Achara Account-NDB Bank
6300,70,Both,no,yes,yes,Achara Account-NDB Bank
6400,71,Both,no,yes,yes,Achara Account-NDB Bank
6500,72,Both,no,yes,yes,Achara Account-NDB Bank
6600,73,Both,no,yes,yes,Achara Account-NDB Bank
6700,74,Both,no,yes,yes,Achara Account-NDB Bank
6800,75,Both,no,yes,yes,Achara Account-NDB Bank
6900,76,Both,no,yes,yes,Achara Account-NDB Bank
7000,77,Both,no,yes,yes,Achara Account-NDB Bank
7100,78,Both,no,yes,yes,Achara Account-NDB Bank
7200,79,Both,no,yes,yes,Achara Account-NDB Bank
7300,80,Both,no,yes,yes,Achara Account-NDB Bank
7400,81,Both,no,yes,yes,Achara Account-NDB Bank
7500,82,Both,no,yes,yes,Achara Account-NDB Bank
7600,83,Both,no,yes,yes,Achara Account-NDB Bank
7700,84,Both,no,yes,yes,Achara Account-NDB Bank
7800,85,Both,no,yes,yes,Achara Account-NDB Bank
7900,86,Both,no,yes,yes,Achara Account-NDB Bank
8000,87,Both,no,yes,yes,Achara Account-NDB Bank
8100,88,Both,no,yes,yes,Achara Account-NDB Bank
8200,89,Both,no,yes,yes,Achara Account-NDB Bank
8300,90,Both,no,yes,yes,Achara Account-NDB Bank
8400,91,Both,no,yes,yes,Achara Account-NDB Bank
8500,92,Both,no,yes,yes,Achara Account-NDB Bank
8600,93,Both,no,yes,yes,Achara Account-NDB Bank
8700,94,Both,no,yes,yes,Achara Account-NDB Bank
8800,95,Both,no,yes,yes,Achara Account-NDB Bank
8900,96,Both,no,yes,yes,Achara Account-NDB Bank
9000,97,Both,no,yes,yes,Achara Account-NDB Bank
9100,98,Both,no,yes,yes,Achara Account-NDB Bank
9200,99,Both,no,yes,yes,Achara Account-NDB Bank
9300,100,Both,no,yes,yes,Achara Account-NDB Bank
9400,55,Both,no,yes,yes,Achara Account-NDB Bank
9500,56,Both,no,yes,yes,Achara Account-NDB Bank
9600,57,Both,no,yes,yes,Achara Account-NDB Bank
9700,58,Both,no,yes,yes,Achara Account-NDB Bank
9800,59,Both,no,yes,yes,Achara Account-NDB Bank
9900,60,Both,no,yes,yes,Achara Account-NDB Bank
10000,61,Both,no,yes,yes,Achara Account-NDB Bank
10100,62,Both,no,yes,yes,Achara Account-NDB Bank
10200,63,Both,no,yes,yes,Achara Account-NDB Bank
10300,64,Both,no,yes,yes,Achara Account-NDB Bank
10400,65,Both,no,yes,yes,Achara Account-NDB Bank
10500,66,Both,no,yes,yes,Achara Account-NDB Bank
10600,67,Both,no,yes,yes,Achara Account-NDB Bank
10700,68,Both,no,yes,yes,Achara Account-NDB Bank
10800,69,Both,no,yes,yes,Achara Account-NDB Bank
10900,70,Both,no,yes,yes,Achara Account-NDB Bank
11000,71,Both,no,yes,yes,Achara Account-NDB Bank
11100,72,Both,no,yes,yes,Achara Account-NDB Bank
11200,73,Both,no,yes,yes,Achara Account-NDB Bank
11300,74,Both,no,yes,yes,Achara Account-NDB Bank
11400,75,Both,no,yes,yes,Achara Account-NDB Bank
11500,76,Both,no,yes,yes,Achara Account-NDB Bank
11600,77,Both,no,yes,yes,Achara Account-NDB Bank
11700,78,Both,no,yes,yes,Achara Account-NDB Bank
11800,79,Both,no,yes,yes,Achara Account-NDB Bank
11900,80,Both,no,yes,yes,Achara Account-NDB Bank
12000,81,Both,no,yes,yes,Achara Account-NDB Bank
12100,82,Both,no,yes,yes,Achara Account-NDB Bank
12200,83,Both,no,yes,yes,Achara Account-NDB Bank
12300,84,Both,no,yes,yes,Achara Account-NDB Bank
12400,85,Both,no,yes,yes,Achara Account-NDB Bank
12500,86,Both,no,yes,yes,Achara Account-NDB Bank
12600,87,Both,no,yes,yes,Achara Account-NDB Bank
12700,88,Both,no,yes,yes,Achara Account-NDB Bank
12800,89,Both,no,yes,yes,Achara Account-NDB Bank
12900,90,Both,no,yes,yes,Achara Account-NDB Bank
13000,91,Both,no,yes,yes,Achara Account-NDB Bank
13100,92,Both,no,yes,yes,Achara Account-NDB Bank
13200,93,Both,no,yes,yes,Achara Account-NDB Bank
13300,94,Both,no,yes,yes,Achara Account-NDB Bank
13400,95,Both,no,yes,yes,Achara Account-NDB Bank
13500,96,Both,no,yes,yes,Achara Account-NDB Bank
13600,97,Both,no,yes,yes,Achara Account-NDB Bank
13700,98,Both,no,yes,yes,Achara Account-NDB Bank
13800,99,Both,no,yes,yes,Achara Account-NDB Bank
13900,100,Both,no,yes,yes,Achara Account-NDB Bank
14000,55,Both,no,yes,yes,Achara Account-NDB Bank
14100,56,Both,no,yes,yes,Achara Account-NDB Bank
14200,57,Both,no,yes,yes,Achara Account-NDB Bank
14300,58,Both,no,yes,yes,Achara Account-NDB Bank
14400,59,Both,no,yes,yes,Achara Account-NDB Bank
14500,60,Both,no,yes,yes,Achara Account-NDB Bank
14600,61,Both,no,yes,yes,Achara Account-NDB Bank
14700,62,Both,no,yes,yes,Achara Account-NDB Bank
14800,63,Both,no,yes,yes,Achara Account-NDB Bank
14900,64,Both,no,yes,yes,Achara Account-NDB Bank
15000,65,Both,no,yes,yes,Achara Account-NDB Bank
15100,66,Both,no,yes,yes,Achara Account-NDB Bank
15200,67,Both,no,yes,yes,Achara Account-NDB Bank
15300,68,Both,no,yes,yes,Achara Account-NDB Bank
15400,69,Both,no,yes,yes,Achara Account-NDB Bank
15500,70,Both,no,yes,yes,Achara Account-NDB Bank
15600,71,Both,no,yes,yes,Achara Account-NDB Bank
15700,72,Both,no,yes,yes,Achara Account-NDB Bank
15800,73,Both,no,yes,yes,Achara Account-NDB Bank
15900,74,Both,no,yes,yes,Achara Account-NDB Bank
16000,75,Both,no,yes,yes,Achara Account-NDB Bank
16100,76,Both,no,yes,yes,Achara Account-NDB Bank
16200,77,Both,no,yes,yes,Achara Account-NDB Bank
16300,78,Both,no,yes,yes,Achara Account-NDB Bank
16400,79,Both,no,yes,yes,Achara Account-NDB Bank
16500,80,Both,no,yes,yes,Achara Account-NDB Bank
16600,81,Both,no,yes,yes,Achara Account-NDB Bank
16700,82,Both,no,yes,yes,Achara Account-NDB Bank
16800,83,Both,no,yes,yes,Achara Account-NDB Bank
16900,84,Both,no,yes,yes,Achara Account-NDB Bank
17000,85,Both,no,yes,yes,Achara Account-NDB Bank
17100,86,Both,no,yes,yes,Achara Account-NDB Bank
17200,87,Both,no,yes,yes,Achara Account-NDB Bank
17300,88,Both,no,yes,yes,Achara Account-NDB Bank
17400,89,Both,no,yes,yes,Achara Account-NDB Bank
17500,90,Both,no,yes,yes,Achara Account-NDB Bank
17600,91,Both,no,yes,yes,Achara Account-NDB Bank
17700,92,Both,no,yes,yes,Achara Account-NDB Bank
17800,93,Both,no,yes,yes,Achara Account-NDB Bank
17900,94,Both,no,yes,yes,Achara Account-NDB Bank
18000,95,Both,no,yes,yes,Achara Account-NDB Bank
18100,96,Both,no,yes,yes,Achara Account-NDB Bank
18200,97,Both,no,yes,yes,Achara Account-NDB Bank
18300,98,Both,no,yes,yes,Achara Account-NDB Bank
18400,99,Both,no,yes,yes,Achara Account-NDB Bank
18500,100,Both,no,yes,yes,Achara Account-NDB Bank
18600,55,Both,no,yes,yes,Achara Account-NDB Bank
18700,56,Both,no,yes,yes,Achara Account-NDB Bank
18800,57,Both,no,yes,yes,Achara Account-NDB Bank
18900,58,Both,no,yes,yes,Achara Account-NDB Bank
19000,59,Both,no,yes,yes,Achara Account-NDB Bank
19100,60,Both,no,yes,yes,Achara Account-NDB Bank
19200,61,Both,no,yes,yes,Achara Account-NDB Bank
19300,62,Both,no,yes,yes,Achara Account-NDB Bank
19400,63,Both,no,yes,yes,Achara Account-NDB Bank
19500,64,Both,no,yes,yes,Achara Account-NDB Bank
19600,65,Both,no,yes,yes,Achara Account-NDB Bank
19700,66,Both,no,yes,yes,Achara Account-NDB Bank
19800,67,Both,no,yes,yes,Achara Account-NDB Bank
19900,68,Both,no,yes,yes,Achara Account-NDB Bank
20000,69,Both,no,yes,yes,Achara Account-NDB Bank
20100,70,Both,no,yes,yes,Achara Account-NDB Bank
20200,71,Both,no,yes,yes,Achara Account-NDB Bank
20900,78,Both,no,yes,yes,Achara Account-NDB Bank
21000,79,Both,no,yes,yes,Achara Account-NDB Bank
21100,80,Both,no,yes,yes,Achara Account-NDB Bank
21200,81,Both,no,yes,yes,Achara Account-NDB Bank
21300,82,Both,no,yes,yes,Achara Account-NDB Bank
21400,83,Both,no,yes,yes,Achara Account-NDB Bank
21500,84,Both,no,yes,yes,Achara Account-NDB Bank
21600,85,Both,no,yes,yes,Achara Account-NDB Bank
21700,86,Both,no,yes,yes,Achara Account-NDB Bank
21800,87,Both,no,yes,yes,Achara Account-NDB Bank
21900,88,Both,no,yes,yes,Achara Account-NDB Bank
22000,89,Both,no,yes,yes,Achara Account-NDB Bank
22100,90,Both,no,yes,yes,Achara Account-NDB Bank
22200,91,Both,no,yes,yes,Achara Account-NDB Bank
22300,92,Both,no,yes,yes,Achara Account-NDB Bank
22400,93,Both,no,yes,yes,Achara Account-NDB Bank
22500,94,Both,no,yes,yes,Achara Account-NDB Bank
23300,56,Both,no,yes,yes,Achara Account-NDB Bank
23400,57,Both,no,yes,yes,Achara Account-NDB Bank
23500,58,Both,no,yes,yes,Achara Account-NDB Bank
23600,59,Both,no,yes,yes,Achara Account-NDB Bank
23700,60,Both,no,yes,yes,Achara Account-NDB Bank
23800,61,Both,no,yes,yes,Achara Account-NDB Bank
23900,62,Both,no,yes,yes,Achara Account-NDB Bank
24000,63,Both,no,yes,yes,Achara Account-NDB Bank
24100,64,Both,no,yes,yes,Achara Account-NDB Bank
24200,65,Both,no,yes,yes,Achara Account-NDB Bank
24300,66,Both,no,yes,yes,Achara Account-NDB Bank
24400,67,Both,no,yes,yes,Achara Account-NDB Bank
24500,68,Both,no,yes,yes,Achara Account-NDB Bank
24600,69,Both,no,yes,yes,Achara Account-NDB Bank
24700,70,Both,no,yes,yes,Achara Account-NDB Bank
24800,71,Both,no,yes,yes,Achara Account-NDB Bank
24900,72,Both,no,yes,yes,Achara Account-NDB Bank
25000,73,Both,no,yes,yes,Achara Account-NDB Bank
25100,74,Both,no,yes,yes,Achara Account-NDB Bank
25200,75,Both,no,yes,yes,Achara Account-NDB Bank
25300,76,Both,no,yes,yes,Achara Account-NDB Bank
25400,77,Both,no,yes,yes,Achara Account-NDB Bank
25500,78,Both,no,yes,yes,Achara Account-NDB Bank
25600,79,Both,no,yes,yes,Achara Account-NDB Bank
25700,80,Both,no,yes,yes,Achara Account-NDB Bank
25800,81,Both,no,yes,yes,Achara Account-NDB Bank
25900,82,Both,no,yes,yes,Achara Account-NDB Bank
26000,83,Both,no,yes,yes,Achara Account-NDB Bank
26100,84,Both,no,yes,yes,Achara Account-NDB Bank
26200,85,Both,no,yes,yes,Achara Account-NDB Bank
26300,86,Both,no,yes,yes,Achara Account-NDB Bank
26900,92,Both,no,yes,yes,Achara Account-NDB Bank
27000,93,Both,no,yes,yes,Achara Account-NDB Bank
27100,94,Both,no,yes,yes,Achara Account-NDB Bank
27200,95,Both,no,yes,yes,Achara Account-NDB Bank
27300,96,Both,no,yes,yes,Achara Account-NDB Bank
27400,97,Both,no,yes,yes,Achara Account-NDB Bank
27500,98,Both,no,yes,yes,Achara Account-NDB Bank
27600,99,Both,no,yes,yes,Achara Account-NDB Bank
27700,100,Both,no,yes,yes,Achara Account-NDB Bank
27800,55,Both,no,yes,yes,Achara Account-NDB Bank
27900,56,Both,no,yes,yes,Achara Account-NDB Bank
28000,57,Both,no,yes,yes,Achara Account-NDB Bank
28100,58,Both,no,yes,yes,Achara Account-NDB Bank
28200,59,Both,no,yes,yes,Achara Account-NDB Bank
28300,60,Both,no,yes,yes,Achara Account-NDB Bank
28400,61,Both,no,yes,yes,Achara Account-NDB Bank
28500,62,Both,no,yes,yes,Achara Account-NDB Bank
28600,63,Both,no,yes,yes,Achara Account-NDB Bank
28700,64,Both,no,yes,yes,Achara Account-NDB Bank
28800,65,Both,no,yes,yes,Achara Account-NDB Bank
28900,66,Both,no,yes,yes,Achara Account-NDB Bank
29000,67,Both,no,yes,yes,Achara Account-NDB Bank
29800,75,Both,no,yes,yes,Achara Account-NDB Bank
29900,76,Both,no,yes,yes,Achara Account-NDB Bank
30000,77,Both,no,yes,yes,Achara Account-NDB Bank
30100,78,Both,no,yes,yes,Achara Account-NDB Bank
30200,79,Both,no,yes,yes,Achara Account-NDB Bank
30300,80,Both,no,yes,yes,Achara Account-NDB Bank
30400,81,Both,no,yes,yes,Achara Account-NDB Bank
30500,82,Both,no,yes,yes,Achara Account-NDB Bank
30600,83,Both,no,yes,yes,Achara Account-NDB Bank
30700,84,Both,no,yes,yes,Achara Account-NDB Bank
30800,85,Both,no,yes,yes,Achara Account-NDB Bank
30900,86,Both,no,yes,yes,Achara Account-NDB Bank
31000,87,Both,no,yes,yes,Achara Account-NDB Bank
31100,88,Both,no,yes,yes,Achara Account-NDB Bank
31200,89,Both,no,yes,yes,Achara Account-NDB Bank
31300,90,Both,no,yes,yes,Achara Account-NDB Bank
31400,91,Both,no,yes,yes,Achara Account-NDB Bank
31500,92,Both,no,yes,yes,Achara Account-NDB Bank
31600,93,Both,no,yes,yes,Achara Account-NDB Bank
31700,94,Both,no,yes,yes,Achara Account-NDB Bank
31800,95,Both,no,yes,yes,Achara Account-NDB Bank
31900,96,Both,no,yes,yes,Achara Account-NDB Bank
32000,97,Both,no,yes,yes,Achara Account-NDB Bank
32100,98,Both,no,yes,yes,Achara Account-NDB Bank
32200,99,Both,no,yes,yes,Achara Account-NDB Bank
32300,100,Both,no,yes,yes,Achara Account-NDB Bank
32400,55,Both,no,yes,yes,Achara Account-NDB Bank
32500,56,Both,no,yes,yes,Achara Account-NDB Bank
32600,57,Both,no,yes,yes,Achara Account-NDB Bank
32700,58,Both,no,yes,yes,Achara Account-NDB Bank
32800,59,Both,no,yes,yes,Achara Account-NDB Bank
32900,60,Both,no,yes,yes,Achara Account-NDB Bank
33000,61,Both,no,yes,yes,Achara Account-NDB Bank
33100,62,Both,no,yes,yes,Achara Account-NDB Bank
33200,63,Both,no,yes,yes,Achara Account-NDB Bank
33300,64,Both,no,yes,yes,Achara Account-NDB Bank
33400,65,Both,no,yes,yes,Achara Account-NDB Bank
33500,66,Both,no,yes,yes,Achara Account-NDB Bank
33600,67,Both,no,yes,yes,Achara Account-NDB Bank
33700,68,Both,no,yes,yes,Achara Account-NDB Bank
33800,69,Both,no,yes,yes,Achara Account-NDB Bank
33900,70,Both,no,yes,yes,Achara Account-NDB Bank
34000,71,Both,no,yes,yes,Achara Account-NDB Bank
34100,72,Both,no,yes,yes,Achara Account-NDB Bank
35000,81,Both,no,yes,yes,Achara Account-NDB Bank
35100,82,Both,no,yes,yes,Achara Account-NDB Bank
35200,83,Both,no,yes,yes,Achara Account-NDB Bank
35300,84,Both,no,yes,yes,Achara Account-NDB Bank
35400,85,Both,no,yes,yes,Achara Account-NDB Bank
35500,86,Both,no,yes,yes,Achara Account-NDB Bank
35600,87,Both,no,yes,yes,Achara Account-NDB Bank
35700,88,Both,no,yes,yes,Achara Account-NDB Bank
35800,89,Both,no,yes,yes,Achara Account-NDB Bank
35900,90,Both,no,yes,yes,Achara Account-NDB Bank
36000,91,Both,no,yes,yes,Achara Account-NDB Bank
36100,92,Both,no,yes,yes,Achara Account-NDB Bank
36200,93,Both,no,yes,yes,Achara Account-NDB Bank
36300,94,Both,no,yes,yes,Achara Account-NDB Bank
36400,95,Both,no,yes,yes,Achara Account-NDB Bank
36500,96,Both,no,yes,yes,Achara Account-NDB Bank
36600,97,Both,no,yes,yes,Achara Account-NDB Bank
36700,98,Both,no,yes,yes,Achara Account-NDB Bank
36800,99,Both,no,yes,yes,Achara Account-NDB Bank
36900,100,Both,no,yes,yes,Achara Account-NDB Bank
37000,55,Both,no,yes,yes,Achara Account-NDB Bank
37100,56,Both,no,yes,yes,Achara Account-NDB Bank
37200,57,Both,no,yes,yes,Achara Account-NDB Bank
37300,58,Both,no,yes,yes,Achara Account-NDB Bank
37400,59,Both,no,yes,yes,Achara Account-NDB Bank
37500,60,Both,no,yes,yes,Achara Account-NDB Bank
37600,61,Both,no,yes,yes,Achara Account-NDB Bank
37700,62,Both,no,yes,yes,Achara Account-NDB Bank
37800,63,Both,no,yes,yes,Achara Account-NDB Bank
37900,64,Both,no,yes,yes,Achara Account-NDB Bank
38000,65,Both,no,yes,yes,Achara Account-NDB Bank
38100,66,Both,no,yes,yes,Achara Account-NDB Bank
38200,67,Both,no,yes,yes,Achara Account-NDB Bank
38300,68,Both,no,yes,yes,Achara Account-NDB Bank
38400,69,Both,no,yes,yes,Achara Account-NDB Bank
38500,70,Both,no,yes,yes,Achara Account-NDB Bank
38600,71,Both,no,yes,yes,Achara Account-NDB Bank
38700,72,Both,no,yes,yes,Achara Account-NDB Bank
38800,73,Both,no,yes,yes,Achara Account-NDB Bank
38900,74,Both,no,yes,yes,Achara Account-NDB Bank
39000,75,Both,no,yes,yes,Achara Account-NDB Bank
39100,76,Both,no,yes,yes,Achara Account-NDB Bank
39200,77,Both,no,yes,yes,Achara Account-NDB Bank
39300,78,Both,no,yes,yes,Achara Account-NDB Bank
39400,79,Both,no,yes,yes,Achara Account-NDB Bank
39500,80,Both,no,yes,yes,Achara Account-NDB Bank
39600,81,Both,no,yes,yes,Achara Account-NDB Bank
39700,82,Both,no,yes,yes,Achara Account-NDB Bank
39800,83,Both,no,yes,yes,Achara Account-NDB Bank
39900,84,Both,no,yes,yes,Achara Account-NDB Bank
40000,85,Both,no,yes,yes,Achara Account-NDB Bank
40100,86,Both,no,yes,yes,Achara Account-NDB Bank
40200,87,Both,no,yes,yes,Achara Account-NDB Bank
40300,88,Both,no,yes,yes,Achara Account-NDB Bank
40400,89,Both,no,yes,yes,Achara Account-NDB Bank
40500,90,Both,no,yes,yes,Achara Account-NDB Bank
40600,91,Both,no,yes,yes,Achara Account-NDB Bank
40700,92,Both,no,yes,yes,Achara Account-NDB Bank
40800,93,Both,no,yes,yes,Achara Account-NDB Bank
40900,94,Both,no,yes,yes,Achara Account-NDB Bank
41000,95,Both,no,yes,yes,Achara Account-NDB Bank
41100,96,Both,no,yes,yes,Achara Account-NDB Bank
41200,97,Both,no,yes,yes,Achara Account-NDB Bank
41300,98,Both,no,yes,yes,Achara Account-NDB Bank
41400,99,Both,no,yes,yes,Achara Account-NDB Bank
41500,100,Both,no,yes,yes,Achara Account-NDB Bank
41600,55,Both,no,yes,yes,Achara Account-NDB Bank
41700,56,Both,no,yes,yes,Achara Account-NDB Bank
41800,57,Both,no,yes,yes,Achara Account-NDB Bank
41900,58,Both,no,yes,yes,Achara Account-NDB Bank
42000,59,Both,no,yes,yes,Achara Account-NDB Bank
42100,60,Both,no,yes,yes,Achara Account-NDB Bank
42200,61,Both,no,yes,yes,Achara Account-NDB Bank
42300,62,Both,no,yes,yes,Achara Account-NDB Bank
42400,63,Both,no,yes,yes,Achara Account-NDB Bank
42500,64,Both,no,yes,yes,Achara Account-NDB Bank
42600,65,Both,no,yes,yes,Achara Account-NDB Bank
42700,66,Both,no,yes,yes,Achara Account-NDB Bank
42800,67,Both,no,yes,yes,Achara Account-NDB Bank
42900,68,Both,no,yes,yes,Achara Account-NDB Bank
43000,69,Both,no,yes,yes,Achara Account-NDB Bank
43100,70,Both,no,yes,yes,Achara Account-NDB Bank
43200,71,Both,no,yes,yes,Achara Account-NDB Bank
43300,72,Both,no,yes,yes,Achara Account-NDB Bank
43400,73,Both,no,yes,yes,Achara Account-NDB Bank
43500,74,Both,no,yes,yes,Achara Account-NDB Bank
43600,75,Both,no,yes,yes,Achara Account-NDB Bank
43700,76,Both,no,yes,yes,Achara Account-NDB Bank
45200,91,Both,no,yes,yes,Achara Account-NDB Bank
45300,92,Both,no,yes,yes,Achara Account-NDB Bank
45400,93,Both,no,yes,yes,Achara Account-NDB Bank
45500,94,Both,no,yes,yes,Achara Account-NDB Bank
45600,95,Both,no,yes,yes,Achara Account-NDB Bank
45700,96,Both,no,yes,yes,Achara Account-NDB Bank
45800,97,Both,no,yes,yes,Achara Account-NDB Bank
45900,98,Both,no,yes,yes,Achara Account-NDB Bank
46000,99,Both,no,yes,yes,Achara Account-NDB Bank
46100,100,Both,no,yes,yes,Achara Account-NDB Bank
46200,55,Both,no,yes,yes,Achara Account-NDB Bank
46300,56,Both,no,yes,yes,Achara Account-NDB Bank
46400,57,Both,no,yes,yes,Achara Account-NDB Bank
46500,58,Both,no,yes,yes,Achara Account-NDB Bank
46600,59,Both,no,yes,yes,Achara Account-NDB Bank
46700,60,Both,no,yes,yes,Achara Account-NDB Bank
46800,61,Both,no,yes,yes,Achara Account-NDB Bank
46900,62,Both,no,yes,yes,Achara Account-NDB Bank
47000,63,Both,no,yes,yes,Achara Account-NDB Bank
47100,64,Both,no,yes,yes,Achara Account-NDB Bank
47200,65,Both,no,yes,yes,Achara Account-NDB Bank
47300,66,Both,no,yes,yes,Achara Account-NDB Bank
47400,67,Both,no,yes,yes,Achara Account-NDB Bank
47500,68,Both,no,yes,yes,Achara Account-NDB Bank
47600,69,Both,no,yes,yes,Achara Account-NDB Bank
47700,70,Both,no,yes,yes,Achara Account-NDB Bank
47800,71,Both,no,yes,yes,Achara Account-NDB Bank
47900,72,Both,no,yes,yes,Achara Account-NDB Bank
48000,73,Both,no,yes,yes,Achara Account-NDB Bank
49000,83,Both,no,yes,yes,Achara Account-NDB Bank
49100,84,Both,no,yes,yes,Achara Account-NDB Bank
49200,85,Both,no,yes,yes,Achara Account-NDB Bank
49300,86,Both,no,yes,yes,Achara Account-NDB Bank
49400,87,Both,no,yes,yes,Achara Account-NDB Bank
49500,88,Both,no,yes,yes,Achara Account-NDB Bank
49600,89,Both,no,yes,yes,Achara Account-NDB Bank
49700,90,Both,no,yes,yes,Achara Account-NDB Bank
49800,91,Both,no,yes,yes,Achara Account-NDB Bank
49900,92,Both,no,yes,yes,Achara Account-NDB Bank
50000,55,Both,no,yes,yes,Sanhida Account-Sampath Bank
52000,56,Both,no,yes,yes,Sanhida Account-Sampath Bank
54000,57,Both,no,yes,yes,Sanhida Account-Sampath Bank
56000,58,Both,no,yes,yes,Sanhida Account-Sampath Bank
58000,59,Both,no,yes,yes,Sanhida Account-Sampath Bank
60000,60,Both,no,yes,yes,Sanhida Account-Sampath Bank
62000,61,Both,no,yes,yes,Sanhida Account-Sampath Bank
64000,62,Both,no,yes,yes,Sanhida Account-Sampath Bank
66000,63,Both,no,yes,yes,Sanhida Account-Sampath Bank
68000,64,Both,no,yes,yes,Sanhida Account-Sampath Bank
70000,65,Both,no,yes,yes,Sanhida Account-Sampath Bank
72000,66,Both,no,yes,yes,Sanhida Account-Sampath Bank
74000,67,Both,no,yes,yes,Sanhida Account-Sampath Bank
76000,68,Both,no,yes,yes,Sanhida Account-Sampath Bank
78000,69,Both,no,yes,yes,Sanhida Account-Sampath Bank
80000,70,Both,no,yes,yes,Sanhida Account-Sampath Bank
82000,71,Both,no,yes,yes,Sanhida Account-Sampath Bank
84000,72,Both,no,yes,yes,Sanhida Account-Sampath Bank
86000,73,Both,no,yes,yes,Sanhida Account-Sampath Bank
88000,74,Both,no,yes,yes,Sanhida Account-Sampath Bank
90000,75,Both,no,yes,yes,Sanhida Account-Sampath Bank
92000,76,Both,no,yes,yes,Sanhida Account-Sampath Bank
94000,77,Both,no,yes,yes,Sanhida Account-Sampath Bank
96000,78,Both,no,yes,yes,Sanhida Account-Sampath Bank
98000,79,Both,no,yes,yes,Sanhida Account-Sampath Bank
100000,80,Both,no,yes,yes,Sanhida Account-Sampath Bank
102000,81,Both,no,yes,yes,Sanhida Account-Sampath Bank
104000,82,Both,no,yes,yes,Sanhida Account-Sampath Bank
106000,83,Both,no,yes,yes,Sanhida Account-Sampath Bank
108000,84,Both,no,yes,yes,Sanhida Account-Sampath Bank
110000,85,Both,no,yes,yes,Sanhida Account-Sampath Bank
112000,86,Both,no,yes,yes,Sanhida Account-Sampath Bank
114000,87,Both,no,yes,yes,Sanhida Account-Sampath Bank
116000,88,Both,no,yes,yes,Sanhida Account-Sampath Bank
118000,89,Both,no,yes,yes,Sanhida Account-Sampath Bank
120000,90,Both,no,yes,yes,Sanhida Account-Sampath Bank
122000,91,Both,no,yes,yes,Sanhida Account-Sampath Bank
124000,92,Both,no,yes,yes,Sanhida Account-Sampath Bank
126000,93,Both,no,yes,yes,Sanhida Account-Sampath Bank
128000,94,Both,no,yes,yes,Sanhida Account-Sampath Bank
130000,95,Both,no,yes,yes,Sanhida Account-Sampath Bank
132000,96,Both,no,yes,yes,Sanhida Account-Sampath Bank
134000,97,Both,no,yes,yes,Sanhida Account-Sampath Bank
136000,98,Both,no,yes,yes,Sanhida Account-Sampath Bank
138000,99,Both,no,yes,yes,Sanhida Account-Sampath Bank
140000,100,Both,no,yes,yes,Sanhida Account-Sampath Bank
142000,55,Both,no,yes,yes,Sanhida Account-Sampath Bank
144000,56,Both,no,yes,yes,Sanhida Account-Sampath Bank
146000,57,Both,no,yes,yes,Sanhida Account-Sampath Bank
148000,58,Both,no,yes,yes,Sanhida Account-Sampath Bank
150000,59,Both,no,yes,yes,Sanhida Account-Sampath Bank
152000,60,Both,no,yes,yes,Sanhida Account-Sampath Bank
154000,61,Both,no,yes,yes,Sanhida Account-Sampath Bank
156000,62,Both,no,yes,yes,Sanhida Account-Sampath Bank
158000,63,Both,no,yes,yes,Sanhida Account-Sampath Bank
160000,64,Both,no,yes,yes,Sanhida Account-Sampath Bank
162000,65,Both,no,yes,yes,Sanhida Account-Sampath Bank
164000,66,Both,no,yes,yes,Sanhida Account-Sampath Bank
166000,67,Both,no,yes,yes,Sanhida Account-Sampath Bank
168000,68,Both,no,yes,yes,Sanhida Account-Sampath Bank
170000,69,Both,no,yes,yes,Sanhida Account-Sampath Bank
172000,70,Both,no,yes,yes,Sanhida Account-Sampath Bank
174000,71,Both,no,yes,yes,Sanhida Account-Sampath Bank
176000,72,Both,no,yes,yes,Sanhida Account-Sampath Bank
178000,73,Both,no,yes,yes,Sanhida Account-Sampath Bank
180000,74,Both,no,yes,yes,Sanhida Account-Sampath Bank
182000,75,Both,no,yes,yes,Sanhida Account-Sampath Bank
184000,76,Both,no,yes,yes,Sanhida Account-Sampath Bank
186000,77,Both,no,yes,yes,Sanhida Account-Sampath Bank
188000,78,Both,no,yes,yes,Sanhida Account-Sampath Bank
190000,79,Both,no,yes,yes,Sanhida Account-Sampath Bank
192000,80,Both,no,yes,yes,Sanhida Account-Sampath Bank
194000,81,Both,no,yes,yes,Sanhida Account-Sampath Bank
196000,82,Both,no,yes,yes,Sanhida Account-Sampath Bank
198000,83,Both,no,yes,yes,Sanhida Account-Sampath Bank
200000,84,Both,no,yes,yes,Sanhida Account-Sampath Bank
202000,85,Both,no,yes,yes,Sanhida Account-Sampath Bank
204000,86,Both,no,yes,yes,Sanhida Account-Sampath Bank
206000,87,Both,no,yes,yes,Sanhida Account-Sampath Bank
1000,18,female,no,yes,yes,Vanitha Vasana- People's Bank
1400,19,female,no,yes,yes,Vanitha Vasana- People's Bank
1800,20,female,no,yes,yes,Vanitha Vasana- People's Bank
2200,21,female,no,yes,yes,Vanitha Vasana- People's Bank
2600,22,female,no,yes,yes,Vanitha Vasana- People's Bank
3000,23,female,no,yes,yes,Vanitha Vasana- People's Bank
3400,24,female,no,yes,yes,Vanitha Vasana- People's Bank
3800,25,female,no,yes,yes,Vanitha Vasana- People's Bank
4200,26,female,no,yes,yes,Vanitha Vasana- People's Bank
4600,27,female,no,yes,yes,Vanitha Vasana- People's Bank
5000,28,female,no,yes,yes,Vanitha Vasana- People's Bank
5400,29,female,no,yes,yes,Vanitha Vasana- People's Bank
5800,30,female,no,yes,yes,Vanitha Vasana- People's Bank
6200,31,female,no,yes,yes,Vanitha Vasana- People's Bank
6600,32,female,no,yes,yes,Vanitha Vasana- People's Bank
7000,33,female,no,yes,yes,Vanitha Vasana- People's Bank
7400,34,female,no,yes,yes,Vanitha Vasana- People's Bank
7800,35,female,no,yes,yes,Vanitha Vasana- People's Bank
8200,36,female,no,yes,yes,Vanitha Vasana- People's Bank
8600,37,female,no,yes,yes,Vanitha Vasana- People's Bank
9000,38,female,no,yes,yes,Vanitha Vasana- People's Bank
9400,39,female,no,yes,yes,Vanitha Vasana- People's Bank
9800,40,female,no,yes,yes,Vanitha Vasana- People's Bank
10200,41,female,no,yes,yes,Vanitha Vasana- People's Bank
10600,42,female,no,yes,yes,Vanitha Vasana- People's Bank
11000,43,female,no,yes,yes,Vanitha Vasana- People's Bank
11400,44,female,no,yes,yes,Vanitha Vasana- People's Bank
11800,45,female,no,yes,yes,Vanitha Vasana- People's Bank
12200,46,female,no,yes,yes,Vanitha Vasana- People's Bank
12600,47,female,no,yes,yes,Vanitha Vasana- People's Bank
13000,48,female,no,yes,yes,Vanitha Vasana- People's Bank
13400,49,female,no,yes,yes,Vanitha Vasana- People's Bank
13800,50,female,no,yes,yes,Vanitha Vasana- People's Bank
14200,51,female,no,yes,yes,Vanitha Vasana- People's Bank
14600,52,female,no,yes,yes,Vanitha Vasana- People's Bank
15000,53,female,no,yes,yes,Vanitha Vasana- People's Bank
15400,54,female,no,yes,yes,Vanitha Vasana- People's Bank
15800,55,female,no,yes,yes,Vanitha Vasana- People's Bank
16200,18,female,no,yes,yes,Vanitha Vasana- People's Bank
16600,19,female,no,yes,yes,Vanitha Vasana- People's Bank
17000,20,female,no,yes,yes,Vanitha Vasana- People's Bank
17400,21,female,no,yes,yes,Vanitha Vasana- People's Bank
17800,22,female,no,yes,yes,Vanitha Vasana- People's Bank
18200,23,female,no,yes,yes,Vanitha Vasana- People's Bank
18600,24,female,no,yes,yes,Vanitha Vasana- People's Bank
19000,25,female,no,yes,yes,Vanitha Vasana- People's Bank
19400,26,female,no,yes,yes,Vanitha Vasana- People's Bank
19800,27,female,no,yes,yes,Vanitha Vasana- People's Bank
20200,28,female,no,yes,yes,Vanitha Vasana- People's Bank
20600,29,female,no,yes,yes,Vanitha Vasana- People's Bank
21000,30,female,no,yes,yes,Vanitha Vasana- People's Bank
21400,31,female,no,yes,yes,Vanitha Vasana- People's Bank
21800,32,female,no,yes,yes,Vanitha Vasana- People's Bank
22200,33,female,no,yes,yes,Vanitha Vasana- People's Bank
22600,34,female,no,yes,yes,Vanitha Vasana- People's Bank
23000,35,female,no,yes,yes,Vanitha Vasana- People's Bank
23400,36,female,no,yes,yes,Vanitha Vasana- People's Bank
23800,37,female,no,yes,yes,Vanitha Vasana- People's Bank
24200,38,female,no,yes,yes,Vanitha Vasana- People's Bank
24600,39,female,no,yes,yes,Vanitha Vasana- People's Bank
25000,40,female,no,yes,yes,Vanitha Vasana- People's Bank
25400,41,female,no,yes,yes,Vanitha Vasana- People's Bank
25800,42,female,no,yes,yes,Vanitha Vasana- People's Bank
26200,43,female,no,yes,yes,Vanitha Vasana- People's Bank
26600,44,female,no,yes,yes,Vanitha Vasana- People's Bank
27000,45,female,no,yes,yes,Vanitha Vasana- People's Bank
27400,46,female,no,yes,yes,Vanitha Vasana- People's Bank
27800,47,female,no,yes,yes,Vanitha Vasana- People's Bank
28200,48,female,no,yes,yes,Vanitha Vasana- People's Bank
28600,49,female,no,yes,yes,Vanitha Vasana- People's Bank
29000,50,female,no,yes,yes,Vanitha Vasana- People's Bank
29400,51,female,no,yes,yes,Vanitha Vasana- People's Bank
29800,52,female,no,yes,yes,Vanitha Vasana- People's Bank
30200,53,female,no,yes,yes,Vanitha Vasana- People's Bank
30600,54,female,no,yes,yes,Vanitha Vasana- People's Bank
31000,55,female,no,yes,yes,Vanitha Vasana- People's Bank
31400,18,female,no,yes,yes,Vanitha Vasana- People's Bank
31800,19,female,no,yes,yes,Vanitha Vasana- People's Bank
32200,20,female,no,yes,yes,Vanitha Vasana- People's Bank
32600,21,female,no,yes,yes,Vanitha Vasana- People's Bank
33000,22,female,no,yes,yes,Vanitha Vasana- People's Bank
33400,23,female,no,yes,yes,Vanitha Vasana- People's Bank
33800,24,female,no,yes,yes,Vanitha Vasana- People's Bank
34200,25,female,no,yes,yes,Vanitha Vasana- People's Bank
34600,26,female,no,yes,yes,Vanitha Vasana- People's Bank
35000,27,female,no,yes,yes,Vanitha Vasana- People's Bank
35400,28,female,no,yes,yes,Vanitha Vasana- People's Bank
35800,29,female,no,yes,yes,Vanitha Vasana- People's Bank
36200,30,female,no,yes,yes,Vanitha Vasana- People's Bank
36600,31,female,no,yes,yes,Vanitha Vasana- People's Bank
37000,32,female,no,yes,yes,Vanitha Vasana- People's Bank
37400,33,female,no,yes,yes,Vanitha Vasana- People's Bank
37800,34,female,no,yes,yes,Vanitha Vasana- People's Bank
38200,35,female,no,yes,yes,Vanitha Vasana- People's Bank
38600,36,female,no,yes,yes,Vanitha Vasana- People's Bank
39000,37,female,no,yes,yes,Vanitha Vasana- People's Bank
39400,38,female,no,yes,yes,Vanitha Vasana- People's Bank
39800,39,female,no,yes,yes,Vanitha Vasana- People's Bank
40200,40,female,no,yes,yes,Vanitha Vasana- People's Bank
40600,41,female,no,yes,yes,Vanitha Vasana- People's Bank
41000,42,female,no,yes,yes,Vanitha Vasana- People's Bank
41400,43,female,no,yes,yes,Vanitha Vasana- People's Bank
41800,44,female,no,yes,yes,Vanitha Vasana- People's Bank
42200,45,female,no,yes,yes,Vanitha Vasana- People's Bank
42600,46,female,no,yes,yes,Vanitha Vasana- People's Bank
43000,47,female,no,yes,yes,Vanitha Vasana- People's Bank
43400,48,female,no,yes,yes,Vanitha Vasana- People's Bank
43800,49,female,no,yes,yes,Vanitha Vasana- People's Bank
44200,50,female,no,yes,yes,Vanitha Vasana- People's Bank
44600,51,female,no,yes,yes,Vanitha Vasana- People's Bank
45000,52,female,no,yes,yes,Vanitha Vasana- People's Bank
45400,53,female,no,yes,yes,Vanitha Vasana- People's Bank
45800,54,female,no,yes,yes,Vanitha Vasana- People's Bank
46200,55,female,no,yes,yes,Vanitha Vasana- People's Bank
46600,18,female,no,yes,yes,Vanitha Vasana- People's Bank
47000,19,female,no,yes,yes,Vanitha Vasana- People's Bank
47400,20,female,no,yes,yes,Vanitha Vasana- People's Bank
47800,21,female,no,yes,yes,Vanitha Vasana- People's Bank
48200,22,female,no,yes,yes,Vanitha Vasana- People's Bank
48600,23,female,no,yes,yes,Vanitha Vasana- People's Bank
49000,24,female,no,yes,yes,Vanitha Vasana- People's Bank
49400,25,female,no,yes,yes,Vanitha Vasana- People's Bank
49800,26,female,no,yes,yes,Vanitha Vasana- People's Bank
50200,27,female,no,yes,yes,Vanitha Vasana- People's Bank
50600,28,female,no,yes,yes,Vanitha Vasana- People's Bank
51000,29,female,no,yes,yes,Vanitha Vasana- People's Bank
51400,30,female,no,yes,yes,Vanitha Vasana- People's Bank
51800,31,female,no,yes,yes,Vanitha Vasana- People's Bank
52200,32,female,no,yes,yes,Vanitha Vasana- People's Bank
52600,33,female,no,yes,yes,Vanitha Vasana- People's Bank
53000,34,female,no,yes,yes,Vanitha Vasana- People's Bank
53400,35,female,no,yes,yes,Vanitha Vasana- People's Bank
53800,36,female,no,yes,yes,Vanitha Vasana- People's Bank
54200,37,female,no,yes,yes,Vanitha Vasana- People's Bank
54600,38,female,no,yes,yes,Vanitha Vasana- People's Bank
55000,39,female,no,yes,yes,Vanitha Vasana- People's Bank
55400,40,female,no,yes,yes,Vanitha Vasana- People's Bank
55800,41,female,no,yes,yes,Vanitha Vasana- People's Bank
56200,42,female,no,yes,yes,Vanitha Vasana- People's Bank
56600,43,female,no,yes,yes,Vanitha Vasana- People's Bank
57000,44,female,no,yes,yes,Vanitha Vasana- People's Bank
57400,45,female,no,yes,yes,Vanitha Vasana- People's Bank
57800,46,female,no,yes,yes,Vanitha Vasana- People's Bank
58200,47,female,no,yes,yes,Vanitha Vasana- People's Bank
58600,48,female,no,yes,yes,Vanitha Vasana- People's Bank
59000,49,female,no,yes,yes,Vanitha Vasana- People's Bank
59400,50,female,no,yes,yes,Vanitha Vasana- People's Bank
59800,51,female,no,yes,yes,Vanitha Vasana- People's Bank
60200,52,female,no,yes,yes,Vanitha Vasana- People's Bank
60600,53,female,no,yes,yes,Vanitha Vasana- People's Bank
61000,54,female,no,yes,yes,Vanitha Vasana- People's Bank
61400,55,female,no,yes,yes,Vanitha Vasana- People's Bank
61800,18,female,no,yes,yes,Vanitha Vasana- People's Bank
62200,19,female,no,yes,yes,Vanitha Vasana- People's Bank
62600,20,female,no,yes,yes,Vanitha Vasana- People's Bank
63000,21,female,no,yes,yes,Vanitha Vasana- People's Bank
63400,22,female,no,yes,yes,Vanitha Vasana- People's Bank
63800,23,female,no,yes,yes,Vanitha Vasana- People's Bank
64200,24,female,no,yes,yes,Vanitha Vasana- People's Bank
64600,25,female,no,yes,yes,Vanitha Vasana- People's Bank
65000,26,female,no,yes,yes,Vanitha Vasana- People's Bank
65400,27,female,no,yes,yes,Vanitha Vasana- People's Bank
65800,28,female,no,yes,yes,Vanitha Vasana- People's Bank
66200,29,female,no,yes,yes,Vanitha Vasana- People's Bank
66600,30,female,no,yes,yes,Vanitha Vasana- People's Bank
67000,31,female,no,yes,yes,Vanitha Vasana- People's Bank
67400,32,female,no,yes,yes,Vanitha Vasana- People's Bank
67800,33,female,no,yes,yes,Vanitha Vasana- People's Bank
68200,34,female,no,yes,yes,Vanitha Vasana- People's Bank
68600,35,female,no,yes,yes,Vanitha Vasana- People's Bank
69000,36,female,no,yes,yes,Vanitha Vasana- People's Bank
69400,37,female,no,yes,yes,Vanitha Vasana- People's Bank
69800,38,female,no,yes,yes,Vanitha Vasana- People's Bank
70200,39,female,no,yes,yes,Vanitha Vasana- People's Bank
70600,40,female,no,yes,yes,Vanitha Vasana- People's Bank
71000,41,female,no,yes,yes,Vanitha Vasana- People's Bank
71400,42,female,no,yes,yes,Vanitha Vasana- People's Bank
71800,43,female,no,yes,yes,Vanitha Vasana- People's Bank
72200,44,female,no,yes,yes,Vanitha Vasana- People's Bank
72600,45,female,no,yes,yes,Vanitha Vasana- People's Bank
73000,46,female,no,yes,yes,Vanitha Vasana- People's Bank
73400,47,female,no,yes,yes,Vanitha Vasana- People's Bank
73800,48,female,no,yes,yes,Vanitha Vasana- People's Bank
74200,49,female,no,yes,yes,Vanitha Vasana- People's Bank
74600,50,female,no,yes,yes,Vanitha Vasana- People's Bank
75000,51,female,no,yes,yes,Vanitha Vasana- People's Bank
75400,52,female,no,yes,yes,Vanitha Vasana- People's Bank
75800,53,female,no,yes,yes,Vanitha Vasana- People's Bank
76200,54,female,no,yes,yes,Vanitha Vasana- People's Bank
76600,55,female,no,yes,yes,Vanitha Vasana- People's Bank
77000,18,female,no,yes,yes,Vanitha Vasana- People's Bank
77400,19,female,no,yes,yes,Vanitha Vasana- People's Bank
77800,20,female,no,yes,yes,Vanitha Vasana- People's Bank
78200,21,female,no,yes,yes,Vanitha Vasana- People's Bank
78600,22,female,no,yes,yes,Vanitha Vasana- People's Bank
79000,23,female,no,yes,yes,Vanitha Vasana- People's Bank
79400,24,female,no,yes,yes,Vanitha Vasana- People's Bank
79800,25,female,no,yes,yes,Vanitha Vasana- People's Bank
80200,26,female,no,yes,yes,Vanitha Vasana- People's Bank
80600,27,female,no,yes,yes,Vanitha Vasana- People's Bank
81000,28,female,no,yes,yes,Vanitha Vasana- People's Bank
81400,29,female,no,yes,yes,Vanitha Vasana- People's Bank
81800,30,female,no,yes,yes,Vanitha Vasana- People's Bank
82200,31,female,no,yes,yes,Vanitha Vasana- People's Bank
82600,32,female,no,yes,yes,Vanitha Vasana- People's Bank
83000,33,female,no,yes,yes,Vanitha Vasana- People's Bank
83400,34,female,no,yes,yes,Vanitha Vasana- People's Bank
83800,35,female,no,yes,yes,Vanitha Vasana- People's Bank
84200,36,female,no,yes,yes,Vanitha Vasana- People's Bank
84600,37,female,no,yes,yes,Vanitha Vasana- People's Bank
85000,38,female,no,yes,yes,Vanitha Vasana- People's Bank
85400,39,female,no,yes,yes,Vanitha Vasana- People's Bank
85800,40,female,no,yes,yes,Vanitha Vasana- People's Bank
86200,41,female,no,yes,yes,Vanitha Vasana- People's Bank
86600,42,female,no,yes,yes,Vanitha Vasana- People's Bank
87000,43,female,no,yes,yes,Vanitha Vasana- People's Bank
87400,44,female,no,yes,yes,Vanitha Vasana- People's Bank
87800,45,female,no,yes,yes,Vanitha Vasana- People's Bank
88200,46,female,no,yes,yes,Vanitha Vasana- People's Bank
88600,47,female,no,yes,yes,Vanitha Vasana- People's Bank
89000,48,female,no,yes,yes,Vanitha Vasana- People's Bank
89400,49,female,no,yes,yes,Vanitha Vasana- People's Bank
89800,50,female,no,yes,yes,Vanitha Vasana- People's Bank
90200,51,female,no,yes,yes,Vanitha Vasana- People's Bank
90600,52,female,no,yes,yes,Vanitha Vasana- People's Bank
91000,53,female,no,yes,yes,Vanitha Vasana- People's Bank
91400,54,female,no,yes,yes,Vanitha Vasana- People's Bank
91800,55,female,no,yes,yes,Vanitha Vasana- People's Bank
92200,18,female,no,yes,yes,Vanitha Vasana- People's Bank
92600,19,female,no,yes,yes,Vanitha Vasana- People's Bank
93000,20,female,no,yes,yes,Vanitha Vasana- People's Bank
93400,21,female,no,yes,yes,Vanitha Vasana- People's Bank
93800,22,female,no,yes,yes,Vanitha Vasana- People's Bank
94200,23,female,no,yes,yes,Vanitha Vasana- People's Bank
94600,24,female,no,yes,yes,Vanitha Vasana- People's Bank
95000,25,female,no,yes,yes,Vanitha Vasana- People's Bank
95400,26,female,no,yes,yes,Vanitha Vasana- People's Bank
95800,27,female,no,yes,yes,Vanitha Vasana- People's Bank
96200,28,female,no,yes,yes,Vanitha Vasana- People's Bank
96600,29,female,no,yes,yes,Vanitha Vasana- People's Bank
97000,30,female,no,yes,yes,Vanitha Vasana- People's Bank
97400,31,female,no,yes,yes,Vanitha Vasana- People's Bank
97800,32,female,no,yes,yes,Vanitha Vasana- People's Bank
98200,33,female,no,yes,yes,Vanitha Vasana- People's Bank
98600,34,female,no,yes,yes,Vanitha Vasana- People's Bank
99000,35,female,no,yes,yes,Vanitha Vasana- People's Bank
99400,36,female,no,yes,yes,Vanitha Vasana- People's Bank
99800,37,female,no,yes,yes,Vanitha Vasana- People's Bank
100200,38,female,no,yes,yes,Vanitha Vasana- People's Bank
100600,39,female,no,yes,yes,Vanitha Vasana- People's Bank
101000,40,female,no,yes,yes,Vanitha Vasana- People's Bank
101400,41,female,no,yes,yes,Vanitha Vasana- People's Bank
101800,42,female,no,yes,yes,Vanitha Vasana- People's Bank
102200,43,female,no,yes,yes,Vanitha Vasana- People's Bank
102600,44,female,no,yes,yes,Vanitha Vasana- People's Bank
103000,45,female,no,yes,yes,Vanitha Vasana- People's Bank
103400,46,female,no,yes,yes,Vanitha Vasana- People's Bank
103800,47,female,no,yes,yes,Vanitha Vasana- People's Bank
104200,48,female,no,yes,yes,Vanitha Vasana- People's Bank
104600,49,female,no,yes,yes,Vanitha Vasana- People's Bank
105000,50,female,no,yes,yes,Vanitha Vasana- People's Bank
105400,51,female,no,yes,yes,Vanitha Vasana- People's Bank
105800,52,female,no,yes,yes,Vanitha Vasana- People's Bank
106200,53,female,no,yes,yes,Vanitha Vasana- People's Bank
106600,54,female,no,yes,yes,Vanitha Vasana- People's Bank
107000,55,female,no,yes,yes,Vanitha Vasana- People's Bank
107400,18,female,no,yes,yes,Vanitha Vasana- People's Bank
107800,19,female,no,yes,yes,Vanitha Vasana- People's Bank
108200,20,female,no,yes,yes,Vanitha Vasana- People's Bank
108600,21,female,no,yes,yes,Vanitha Vasana- People's Bank
109000,22,female,no,yes,yes,Vanitha Vasana- People's Bank
109400,23,female,no,yes,yes,Vanitha Vasana- People's Bank
109800,24,female,no,yes,yes,Vanitha Vasana- People's Bank
110200,25,female,no,yes,yes,Vanitha Vasana- People's Bank
110600,26,female,no,yes,yes,Vanitha Vasana- People's Bank
111000,27,female,no,yes,yes,Vanitha Vasana- People's Bank
111400,28,female,no,yes,yes,Vanitha Vasana- People's Bank
111800,29,female,no,yes,yes,Vanitha Vasana- People's Bank
112200,30,female,no,yes,yes,Vanitha Vasana- People's Bank
112600,31,female,no,yes,yes,Vanitha Vasana- People's Bank
113000,32,female,no,yes,yes,Vanitha Vasana- People's Bank
113400,33,female,no,yes,yes,Vanitha Vasana- People's Bank
113800,34,female,no,yes,yes,Vanitha Vasana- People's Bank
114200,35,female,no,yes,yes,Vanitha Vasana- People's Bank
114600,36,female,no,yes,yes,Vanitha Vasana- People's Bank
115000,37,female,no,yes,yes,Vanitha Vasana- People's Bank
115400,38,female,no,yes,yes,Vanitha Vasana- People's Bank
115800,39,female,no,yes,yes,Vanitha Vasana- People's Bank
116200,40,female,no,yes,yes,Vanitha Vasana- People's Bank
116600,41,female,no,yes,yes,Vanitha Vasana- People's Bank
117000,42,female,no,yes,yes,Vanitha Vasana- People's Bank
117400,43,female,no,yes,yes,Vanitha Vasana- People's Bank
117800,44,female,no,yes,yes,Vanitha Vasana- People's Bank
