deposit_the_first,age,gender,gift,mobile_banking,special_benefits,account_type
2000,25,Both,no,yes,yes,0
2800,30,Both,no,yes,yes,0
3200,34,Both,no,yes,yes,0
3900,35,Both,no,yes,yes,0
4000,36,Both,no,yes,yes,0
4100,37,Both,no,yes,yes,0
4600,42,Both,no,yes,yes,0
4700,43,Both,no,yes,yes,0
4800,44,Both,no,yes,yes,0
4900,45,Both,no,yes,yes,0
5000,18,Both,no,yes,yes,0
5400,19,Both,no,yes,yes,0
5500,20,Both,no,yes,yes,0
5600,21,Both,no,yes,yes,0
5700,22,Both,no,yes,yes,0
5800,23,Both,no,yes,yes,0
5900,24,Both,no,yes,yes,0
6300,25,Both,no,yes,yes,0
6400,26,Both,no,yes,yes,0
6500,27,Both,no,yes,yes,0
7000,28,Both,no,yes,yes,0
7100,29,Both,no,yes,yes,0
7200,30,Both,no,yes,yes,0
7300,31,Both,no,yes,yes,0
7400,32,Both,no,yes,yes,0
7500,33,Both,no,yes,yes,0
7600,34,Both,no,yes,yes,0
8400,35,Both,no,yes,yes,0
8900,36,Both,no,yes,yes,0
9000,37,Both,no,yes,yes,0
9100,38,Both,no,yes,yes,0
9200,39,Both,no,yes,yes,0
9300,40,Both,no,yes,yes,0
9400,41,Both,no,yes,yes,0
9500,42,Both,no,yes,yes,0
9600,43,Both,no,yes,yes,0
9700,44,Both,no,yes,yes,0
9800,45,Both,no,yes,yes,0
9900,34,Both,no,yes,yes,0
10000,43,Both,no,yes,yes,0
10100,26,Both,no,yes,yes,0
10200,38,Both,no,yes,yes,0
10300,22,Both,no,yes,yes,0
10400,29,Both,no,yes,yes,0
10500,41,Both,no,yes,yes,0
10600,39,Both,no,yes,yes,0
11000,18,Both,no,yes,yes,0
13000,19,Both,no,yes,yes,0
15000,20,Both,no,yes,yes,0
17000,21,Both,no,yes,yes,0
19000,22,Both,no,yes,yes,0
21000,23,Both,no,yes,yes,0
23000,24,Both,no,yes,yes,0
25000,25,Both,no,yes,yes,0
27000,26,Both,no,yes,yes,0
29000,27,Both,no,yes,yes,0
31000,28,Both,no,yes,yes,0
33000,29,Both,no,yes,yes,0
35000,30,Both,no,yes,yes,0
37000,31,Both,no,yes,yes,0
39000,32,Both,no,yes,yes,0
41000,33,Both,no,yes,yes,0
43000,34,Both,no,yes,yes,0
45000,35,Both,no,yes,yes,0
47000,36,Both,no,yes,yes,0
49000,37,Both,no,yes,yes,0
51000,38,Both,no,yes,yes,0
53000,39,Both,no,yes,yes,0
55000,40,Both,no,yes,yes,0
57000,41,Both,no,yes,yes,0
59000,42,Both,no,yes,yes,0
61000,43,Both,no,yes,yes,0
63000,44,Both,no,yes,yes,0
65000,45,Both,no,yes,yes,0
67000,18,Both,no,yes,yes,0
69000,19,Both,no,yes,yes,0
71000,20,Both,no,yes,yes,0
73000,21,Both,no,yes,yes,0
75000,22,Both,no,yes,yes,0
77000,23,Both,no,yes,yes,0
79000,24,Both,no,yes,yes,0
81000,25,Both,no,yes,yes,0
83000,26,Both,no,yes,yes,0
85000,27,Both,no,yes,yes,0
87000,28,Both,no,yes,yes,0
89000,29,Both,no,yes,yes,0
91000,30,Both,no,yes,yes,0
93000,31,Both,no,yes,yes,0
95000,32,Both,no,yes,yes,0
97000,33,Both,no,yes,yes,0
99000,34,Both,no,yes,yes,0
101000,35,Both,no,yes,yes,0
103000,36,Both,no,yes,yes,0
105000,37,Both,no,yes,yes,0
107000,38,Both,no,yes,yes,0
109000,39,Both,no,yes,yes,0
111000,40,Both,no,yes,yes,0
200,55,Both,no,yes,yes,1
300,56,Both,no,yes,yes,1
400,57,Both,no,yes,yes,1
500,58,Both,no,yes,yes,1
600,59,Both,no,yes,yes,1
700,60,Both,no,yes,yes,1
800,61,Both,no,yes,yes,1
900,62,Both,no,yes,yes,1
1000,63,Both,no,yes,yes,1
1100,64,Both,no,yes,yes,1
1200,65,Both,no,yes,yes,1
1300,66,Both,no,yes,yes,1
1400,67,Both,no,yes,yes,1
1500,68,Both,no,yes,yes,1
1600,69,Both,no,yes,yes,1
1700,70,Both,no,yes,yes,1
1800,71,Both,no,yes,yes,1
1900,72,Both,no,yes,yes,1
2000,73,Both,no,yes,yes,1
2100,74,Both,no,yes,yes,1
2200,75,Both,no,yes,yes,1
2300,76,Both,no,yes,yes,1
2400,77,Both,no,yes,yes,1
2500,78,Both,no,yes,yes,1
2600,79,Both,no,yes,yes,1
2700,80,Both,no,yes,yes,1
2800,81,Both,no,yes,yes,1
2900,82,Both,no,yes,yes,1
3000,83,Both,no,yes,yes,1
3100,84,Both,no,yes,yes,1
3200,85,Both,no,yes,yes,1
3300,86,Both,no,yes,yes,1
3400,87,Both,no,yes,yes,1
3500,88,Both,no,yes,yes,1
3600,89,Both,no,yes,yes,1
3700,90,Both,no,yes,yes,1
3800,91,Both,no,yes,yes,1
3900,92,Both,no,yes,yes,1
4000,93,Both,no,yes,yes,1
4100,94,Both,no,yes,yes,1
4200,95,Both,no,yes,yes,1
4300,96,Both,no,yes,yes,1
4400,97,Both,no,yes,yes,1
4500,98,Both,no,yes,yes,1
4600,99,Both,no,yes,yes,1
4700,100,Both,no,yes,yes,1
4800,55,Both,no,yes,yes,1
4900,56,Both,no,yes,yes,1
5000,57,Both,no,yes,yes,1
5100,58,Both,no,yes,yes,1
5200,59,Both,no,yes,yes,1
5300,60,Both,no,yes,yes,1
5400,61,Both,no,yes,yes,1
5500,62,Both,no,yes,yes,1
5600,63,Both,no,yes,yes,1
5700,64,Both,no,yes,yes,1
5800,65,Both,no,yes,yes,1
5900,66,Both,no,yes,yes,1
6000,67,Both,no,yes,yes,1
6100,68,Both,no,yes,yes,1
6200,69,Both,no,yes,yes,1
6300,70,Both,no,yes,yes,1
6400,71,Both,no,yes,yes,1
6500,72,Both,no,yes,yes,1
6600,73,Both,no,yes,yes,1
6700,74,Both,no,yes,yes,1
6800,75,Both,no,yes,yes,1
6900,76,Both,no,yes,yes,1
7000,77,Both,no,yes,yes,1
7100,78,Both,no,yes,yes,1
7200,79,Both,no,yes,yes,1
7300,80,Both,no,yes,yes,1
7400,81,Both,no,yes,yes,1
7500,82,Both,no,yes,yes,1
7600,83,Both,no,yes,yes,1
7700,84,Both,no,yes,yes,1
7800,85,Both,no,yes,yes,1
7900,86,Both,no,yes,yes,1
8000,87,Both,no,yes,yes,1
8100,88,Both,no,yes,yes,1
8200,89,Both,no,yes,yes,1
8300,90,Both,no,yes,yes,1
8400,91,Both,no,yes,yes,1
8500,92,Both,no,yes,yes,1
8600,93,Both,no,yes,yes,1
8700,94,Both,no,yes,yes,1
8800,95,Both,no,yes,yes,1
8900,96,Both,no,yes,yes,1
9000,97,Both,no,yes,yes,1
9100,98,Both,no,yes,yes,1
9200,99,Both,no,yes,yes,1
9300,100,Both,no,yes,yes,1
9400,55,Both,no,yes,yes,1
9500,56,Both,no,yes,yes,1
9600,57,Both,no,yes,yes,1
9700,58,Both,no,yes,yes,1
9800,59,Both,no,yes,yes,1
9900,60,Both,no,yes,yes,1
10000,61,Both,no,yes,yes,1
10100,62,Both,no,yes,yes,1
10200,63,Both,no,yes,yes,1
10300,64,Both,no,yes,yes,1
10400,65,Both,no,yes,yes,1
10500,66,Both,no,yes,yes,1
10600,67,Both,no,yes,yes,1
10700,68,Both,no,yes,yes,1
10800,69,Both,no,yes,yes,1
10900,70,Both,no,yes,yes,1
11000,71,Both,no,yes,yes,1
11100,72,Both,no,yes,yes,1
11200,73,Both,no,yes,yes,1
11300,74,Both,no,yes,yes,1
11400,75,Both,no,yes,yes,1
11500,76,Both,no,yes,yes,1
11600,77,Both,no,yes,yes,1
11700,78,Both,no,yes,yes,1
11800,79,Both,no,yes,yes,1
11900,80,Both,no,yes,yes,1
12000,81,Both,no,yes,yes,1
12100,82,Both,no,yes,yes,1
12200,83,Both,no,yes,yes,1
12300,84,Both,no,yes,yes,1
12400,85,Both,no,yes,yes,1
12500,86,Both,no,yes,yes,1
12600,87,Both,no,yes,yes,1
12700,88,Both,no,yes,yes,1
12800,89,Both,no,yes,yes,1
12900,90,Both,no,yes,yes,1
13000,91,Both,no,yes,yes,1
13100,92,Both,no,yes,yes,1
13200,93,Both,no,yes,yes,1
13300,94,Both,no,yes,yes,1
13400,95,Both,no,yes,yes,1
13500,96,Both,no,yes,yes,1
13600,97,Both,no,yes,yes,1
13700,98,Both,no,yes,yes,1
13800,99,Both,no,yes,yes,1
13900,100,Both,no,yes,yes,1
14000,55,Both,no,yes,yes,1
14100,56,Both,no,yes,yes,1
14200,57,Both,no,yes,yes,1
14300,58,Both,no,yes,yes,1
14400,59,Both,no,yes,yes,1
14500,60,Both,no,yes,yes,1
14600,61,Both,no,yes,yes,1
14700,62,Both,no,yes,yes,1
14800,63,Both,no,yes,yes,1
14900,64,Both,no,yes,yes,1
15000,65,Both,no,yes,yes,1
15100,66,Both,no,yes,yes,1
15200,67,Both,no,yes,yes,1
15300,68,Both,no,yes,yes,1
15400,69,Both,no,yes,yes,1
15500,70,Both,no,yes,yes,1
15600,71,Both,no,yes,yes,1
15700,72,Both,no,yes,yes,1
15800,73,Both,no,yes,yes,1
15900,74,Both,no,yes,yes,1
16000,75,Both,no,yes,yes,1
16100,76,Both,no,yes,yes,1
16200,77,Both,no,yes,yes,1
16300,78,Both,no,yes,yes,1
16400,79,Both,no,yes,yes,1
16500,80,Both,no,yes,yes,1
16600,81,Both,no,yes,yes,1
16700,82,Both,no,yes,yes,1
16800,83,Both,no,yes,yes,1
16900,84,Both,no,yes,yes,1
17000,85,Both,no,yes,yes,1
17100,86,Both,no,yes,yes,1
17200,87,Both,no,yes,yes,1
17300,88,Both,no,yes,yes,1
17400,89,Both,no,yes,yes,1
17500,90,Both,no,yes,yes,1
17600,91,Both,no,yes,yes,1
17700,92,Both,no,yes,yes,1
17800,93,Both,no,yes,yes,1
17900,94,Both,no,yes,yes,1
18000,95,Both,no,yes,yes,1
18100,96,Both,no,yes,yes,1
18200,97,Both,no,yes,yes,1
18300,98,Both,no,yes,yes,1
18400,99,Both,no,yes,yes,1
18500,100,Both,no,yes,yes,1
18600,55,Both,no,yes,yes,1
18700,56,Both,no,yes,yes,1
18800,57,Both,no,yes,yes,1
18900,58,Both,no,yes,yes,1
19000,59,Both,no,yes,yes,1
19100,60,Both,no,yes,yes,1
19200,61,Both,no,yes,yes,1
19300,62,Both,no,yes,yes,1
19400,63,Both,no,yes,yes,1
19500,64,Both,no,yes,yes,1
19600,65,Both,no,yes,yes,1
19700,66,Both,no,yes,yes,1
19800,67,Both,no,yes,yes,1
19900,68,Both,no,yes,yes,1
20000,69,Both,no,yes,yes,1
20100,70,Both,no,yes,yes,1
20200,71,Both,no,yes,yes,1
20900,78,Both,no,yes,yes,1
21000,79,Both,no,yes,yes,1
21100,80,Both,no,yes,yes,1
21200,81,Both,no,yes,yes,1
21300,82,Both,no,yes,yes,1
21400,83,Both,no,yes,yes,1
21500,84,Both,no,yes,yes,1
21600,85,Both,no,yes,yes,1
21700,86,Both,no,yes,yes,1
21800,87,Both,no,yes,yes,1
21900,88,Both,no,yes,yes,1
22000,89,Both,no,yes,yes,1
22100,90,Both,no,yes,yes,1
22200,91,Both,no,yes,yes,1
22300,92,Both,no,yes,yes,1
22400,93,Both,no,yes,yes,1
22500,94,Both,no,yes,yes,1
23300,56,Both,no,yes,yes,1
23400,57,Both,no,yes,yes,1
23500,58,Both,no,yes,yes,1
23600,59,Both,no,yes,yes,1
23700,60,Both,no,yes,yes,1
23800,61,Both,no,yes,yes,1
23900,62,Both,no,yes,yes,1
24000,63,Both,no,yes,yes,1
24100,64,Both,no,yes,yes,1
24200,65,Both,no,yes,yes,1
24300,66,Both,no,yes,yes,1
24400,67,Both,no,yes,yes,1
24500,68,Both,no,yes,yes,1
24600,69,Both,no,yes,yes,1
24700,70,Both,no,yes,yes,1
24800,71,Both,no,yes,yes,1
24900,72,Both,no,yes,yes,1
25000,73,Both,no,yes,yes,1
25100,74,Both,no,yes,yes,1
25200,75,Both,no,yes,yes,1
25300,76,Both,no,yes,yes,1
25400,77,Both,no,yes,yes,1
25500,78,Both,no,yes,yes,1
25600,79,Both,no,yes,yes,1
25700,80,Both,no,yes,yes,1
25800,81,Both,no,yes,yes,1
25900,82,Both,no,yes,yes,1
26000,83,Both,no,yes,yes,1
26100,84,Both,no,yes,yes,1
26200,85,Both,no,yes,yes,1
26300,86,Both,no,yes,yes,1
26900,92,Both,no,yes,yes,1
27000,93,Both,no,yes,yes,1
27100,94,Both,no,yes,yes,1
27200,95,Both,no,yes,yes,1
27300,96,Both,no,yes,yes,1
27400,97,Both,no,yes,yes,1
27500,98,Both,no,yes,yes,1
27600,99,Both,no,yes,yes,1
27700,100,Both,no,yes,yes,1
27800,55,Both,no,yes,yes,1
27900,56,Both,no,yes,yes,1
28000,57,Both,no,yes,yes,1
28100,58,Both,no,yes,yes,1
28200,59,Both,no,yes,yes,1
28300,60,Both,no,yes,yes,1
28400,61,Both,no,yes,yes,1
28500,62,Both,no,yes,yes,1
28600,63,Both,no,yes,yes,1
28700,64,Both,no,yes,yes,1
28800,65,Both,no,yes,yes,1
28900,66,Both,no,yes,yes,1
29000,67,Both,no,yes,yes,1
29800,75,Both,no,yes,yes,1
29900,76,Both,no,yes,yes,1
30000,77,Both,no,yes,yes,1
30100,78,Both,no,yes,yes,1
30200,79,Both,no,yes,yes,1
30300,80,Both,no,yes,yes,1
30400,81,Both,no,yes,yes,1
30500,82,Both,no,yes,yes,1
30600,83,Both,no,yes,yes,1
30700,84,Both,no,yes,yes,1
30800,85,Both,no,yes,yes,1
30900,86,Both,no,yes,yes,1
31000,87,Both,no,yes,yes,1
31100,88,Both,no,yes,yes,1
31200,89,Both,no,yes,yes,1
31300,90,Both,no,yes,yes,1
31400,91,Both,no,yes,yes,1
31500,92,Both,no,yes,yes,1
31600,93,Both,no,yes,yes,1
31700,94,Both,no,yes,yes,1
31800,95,Both,no,yes,yes,1
31900,96,Both,no,yes,yes,1
32000,97,Both,no,yes,yes,1
32100,98,Both,no,yes,yes,1
32200,99,Both,no,yes,yes,1
32300,100,Both,no,yes,yes,1
32400,55,Both,no,yes,yes,1
32500,56,Both,no,yes,yes,1
32600,57,Both,no,yes,yes,1
32700,58,Both,no,yes,yes,1
32800,59,Both,no,yes,yes,1
32900,60,Both,no,yes,yes,1
33000,61,Both,no,yes,yes,1
33100,62,Both,no,yes,yes,1
33200,63,Both,no,yes,yes,1
33300,64,Both,no,yes,yes,1
33400,65,Both,no,yes,yes,1
33500,66,Both,no,yes,yes,1
33600,67,Both,no,yes,yes,1
33700,68,Both,no,yes,yes,1
33800,69,Both,no,yes,yes,1
33900,70,Both,no,yes,yes,1
34000,71,Both,no,yes,yes,1
34100,72,Both,no,yes,yes,1
35000,81,Both,no,yes,yes,1
35100,82,Both,no,yes,yes,1
35200,83,Both,no,yes,yes,1
35300,84,Both,no,yes,yes,1
35400,85,Both,no,yes,yes,1
35500,86,Both,no,yes,yes,1
35600,87,Both,no,yes,yes,1
35700,88,Both,no,yes,yes,1
35800,89,Both,no,yes,yes,1
35900,90,Both,no,yes,yes,1
36000,91,Both,no,yes,yes,1
36100,92,Both,no,yes,yes,1
36200,93,Both,no,yes,yes,1
36300,94,Both,no,yes,yes,1
36400,95,Both,no,yes,yes,1
36500,96,Both,no,yes,yes,1
36600,97,Both,no,yes,yes,1
36700,98,Both,no,yes,yes,1
36800,99,Both,no,yes,yes,1
36900,100,Both,no,yes,yes,1
37000,55,Both,no,yes,yes,1
37100,56,Both,no,yes,yes,1
37200,57,Both,no,yes,yes,1
37300,58,Both,no,yes,yes,1
37400,59,Both,no,yes,yes,1
37500,60,Both,no,yes,yes,1
37600,61,Both,no,yes,yes,1
37700,62,Both,no,yes,yes,1
37800,63,Both,no,yes,yes,1
37900,64,Both,no,yes,yes,1
38000,65,Both,no,yes,yes,1
38100,66,Both,no,yes,yes,1
38200,67,Both,no,yes,yes,1
38300,68,Both,no,yes,yes,1
38400,69,Both,no,yes,yes,1
38500,70,Both,no,yes,yes,1
38600,71,Both,no,yes,yes,1
38700,72,Both,no,yes,yes,1
38800,73,Both,no,yes,yes,1
38900,74,Both,no,yes,yes,1
39000,75,Both,no,yes,yes,1
39100,76,Both,no,yes,yes,1
39200,77,Both,no,yes,yes,1
39300,78,Both,no,yes,yes,1
39400,79,Both,no,yes,yes,1
39500,80,Both,no,yes,yes,1
39600,81,Both,no,yes,yes,1
39700,82,Both,no,yes,yes,1
39800,83,Both,no,yes,yes,1
39900,84,Both,no,yes,yes,1
40000,85,Both,no,yes,yes,1
40100,86,Both,no,yes,yes,1
40200,87,Both,no,yes,yes,1
40300,88,Both,no,yes,yes,1
40400,89,Both,no,yes,yes,1
40500,90,Both,no,yes,yes,1
40600,91,Both,no,yes,yes,1
40700,92,Both,no,yes,yes,1
40800,93,Both,no,yes,yes,1
40900,94,Both,no,yes,yes,1
41000,95,Both,no,yes,yes,1
41100,96,Both,no,yes,yes,1
41200,97,Both,no,yes,yes,1
41300,98,Both,no,yes,yes,1
41400,99,Both,no,yes,yes,1
41500,100,Both,no,yes,yes,1
41600,55,Both,no,yes,yes,1
41700,56,Both,no,yes,yes,1
41800,57,Both,no,yes,yes,1
41900,58,Both,no,yes,yes,1
42000,59,Both,no,yes,yes,1
42100,60,Both,no,yes,yes,1
42200,61,Both,no,yes,yes,1
42300,62,Both,no,yes,yes,1
42400,63,Both,no,yes,yes,1
42500,64,Both,no,yes,yes,1
42600,65,Both,no,yes,yes,1
42700,66,Both,no,yes,yes,1
42800,67,Both,no,yes,yes,1
42900,68,Both,no,yes,yes,1
43000,69,Both,no,yes,yes,1
43100,70,Both,no,yes,yes,1
43200,71,Both,no,yes,yes,1
43300,72,Both,no,yes,yes,1
43400,73,Both,no,yes,yes,1
43500,74,Both,no,yes,yes,1
43600,75,Both,no,yes,yes,1
43700,76,Both,no,yes,yes,1
45200,91,Both,no,yes,yes,1
45300,92,Both,no,yes,yes,1
45400,93,Both,no,yes,yes,1
45500,94,Both,no,yes,yes,1
45600,95,Both,no,yes,yes,1
45700,96,Both,no,yes,yes,1
45800,97,Both,no,yes,yes,1
45900,98,Both,no,yes,yes,1
46000,99,Both,no,yes,yes,1
46100,100,Both,no,yes,yes,1
46200,55,Both,no,yes,yes,1
46300,56,Both,no,yes,yes,1
46400,57,Both,no,yes,yes,1
46500,58,Both,no,yes,yes,1
46600,59,Both,no,yes,yes,1
46700,60,Both,no,yes,yes,1
46800,61,Both,no,yes,yes,1
46900,62,Both,no,yes,yes,1
47000,63,Both,no,yes,yes,1
47100,64,Both,no,yes,yes,1
47200,65,Both,no,yes,yes,1
47300,66,Both,no,yes,yes,1
47400,67,Both,no,yes,yes,1
47500,68,Both,no,yes,yes,1
47600,69,Both,no,yes,yes,1
47700,70,Both,no,yes,yes,1
47800,71,Both,no,yes,yes,1
47900,72,Both,no,yes,yes,1
48000,73,Both,no,yes,yes,1
49000,83,Both,no,yes,yes,1
49100,84,Both,no,yes,yes,1
49200,85,Both,no,yes,yes,1
49300,86,Both,no,yes,yes,1
49400,87,Both,no,yes,yes,1
49500,88,Both,no,yes,yes,1
49600,89,Both,no,yes,yes,1
49700,90,Both,no,yes,yes,1
49800,91,Both,no,yes,yes,1
49900,92,Both,no,yes,yes,1
50000,55,Both,no,yes,yes,2
52000,56,Both,no,yes,yes,2
54000,57,Both,no,yes,yes,2
56000,58,Both,no,yes,yes,2
58000,59,Both,no,yes,yes,2
60000,60,Both,no,yes,yes,2
62000,61,Both,no,yes,yes,2
64000,62,Both,no,yes,yes,2
66000,63,Both,no,yes,yes,2
68000,64,Both,no,yes,yes,2
70000,65,Both,no,yes,yes,2
72000,66,Both,no,yes,yes,2
74000,67,Both,no,yes,yes,2
76000,68,Both,no,yes,yes,2
78000,69,Both,no,yes,yes,2
80000,70,Both,no,yes,yes,2
82000,71,Both,no,yes,yes,2
84000,72,Both,no,yes,yes,2
86000,73,Both,no,yes,yes,2
88000,74,Both,no,yes,yes,2
90000,75,Both,no,yes,yes,2
92000,76,Both,no,yes,yes,2
94000,77,Both,no,yes,yes,2
96000,78,Both,no,yes,yes,2
98000,79,Both,no,yes,yes,2
100000,80,Both,no,yes,yes,2
102000,81,Both,no,yes,yes,2
104000,82,Both,no,yes,yes,2
106000,83,Both,no,yes,yes,2
108000,84,Both,no,yes,yes,2
110000,85,Both,no,yes,yes,2
112000,86,Both,no,yes,yes,2
114000,87,Both,no,yes,yes,2
116000,88,Both,no,yes,yes,2
118000,89,Both,no,yes,yes,2
120000,90,Both,no,yes,yes,2
122000,91,Both,no,yes,yes,2
124000,92,Both,no,yes,yes,2
126000,93,Both,no,yes,yes,2
128000,94,Both,no,yes,yes,2
130000,95,Both,no,yes,yes,2
132000,96,Both,no,yes,yes,2
134000,97,Both,no,yes,yes,2
136000,98,Both,no,yes,yes,2
138000,99,Both,no,yes,yes,2
140000,100,Both,no,yes,yes,2
142000,55,Both,no,yes,yes,2
144000,56,Both,no,yes,yes,2
146000,57,Both,no,yes,yes,2
148000,58,Both,no,yes,yes,2
150000,59,Both,no,yes,yes,2
152000,60,Both,no,yes,yes,2
154000,61,Both,no,yes,yes,2
156000,62,Both,no,yes,yes,2
158000,63,Both,no,yes,yes,2
160000,64,Both,no,yes,yes,2
162000,65,Both,no,yes,yes,2
164000,66,Both,no,yes,yes,2
166000,67,Both,no,yes,yes,2
168000,68,Both,no,yes,yes,2
170000,69,Both,no,yes,yes,2
172000,70,Both,no,yes,yes,2
174000,71,Both,no,yes,yes,2
176000,72,Both,no,yes,yes,2
178000,73,Both,no,yes,yes,2
180000,74,Both,no,yes,yes,2
182000,75,Both,no,yes,yes,2
184000,76,Both,no,yes,yes,2
186000,77,Both,no,yes,yes,2
188000,78,Both,no,yes,yes,2
190000,79,Both,no,yes,yes,2
192000,80,Both,no,yes,yes,2
194000,81,Both,no,yes,yes,2
196000,82,Both,no,yes,yes,2
198000,83,Both,no,yes,yes,2
200000,84,Both,no,yes,yes,2
202000,85,Both,no,yes,yes,2
204000,86,Both,no,yes,yes,2
206000,87,Both,no,yes,yes,2
1000,18,female,no,yes,yes,3
1400,19,female,no,yes,yes,3
1800,20,female,no,yes,yes,3
2200,21,female,no,yes,yes,3
2600,22,female,no,yes,yes,3
3000,23,female,no,yes,yes,3
3400,24,female,no,yes,yes,3
3800,25,female,no,yes,yes,3
4200,26,female,no,yes,yes,3
4600,27,female,no,yes,yes,3
5000,28,female,no,yes,yes,3
5400,29,female,no,yes,yes,3
5800,30,female,no,yes,yes,3
6200,31,female,no,yes,yes,3
6600,32,female,no,yes,yes,3
7000,33,female,no,yes,yes,3
7400,34,female,no,yes,yes,3
7800,35,female,no,yes,yes,3
8200,36,female,no,yes,yes,3
8600,37,female,no,yes,yes,3
9000,38,female,no,yes,yes,3
9400,39,female,no,yes,yes,3
9800,40,female,no,yes,yes,3
10200,41,female,no,yes,yes,3
10600,42,female,no,yes,yes,3
11000,43,female,no,yes,yes,3
11400,44,female,no,yes,yes,3
11800,45,female,no,yes,yes,3
12200,46,female,no,yes,yes,3
12600,47,female,no,yes,yes,3
13000,48,female,no,yes,yes,3
13400,49,female,no,yes,yes,3
13800,50,female,no,yes,yes,3
14200,51,female,no,yes,yes,3
14600,52,female,no,yes,yes,3
15000,53,female,no,yes,yes,3
15400,54,female,no,yes,yes,3
15800,55,female,no,yes,yes,3
16200,18,female,no,yes,yes,3
16600,19,female,no,yes,yes,3
17000,20,female,no,yes,yes,3
17400,21,female,no,yes,yes,3
17800,22,female,no,yes,yes,3
18200,23,female,no,yes,yes,3
18600,24,female,no,yes,yes,3
19000,25,female,no,yes,yes,3
19400,26,female,no,yes,yes,3
19800,27,female,no,yes,yes,3
20200,28,female,no,yes,yes,3
20600,29,female,no,yes,yes,3
21000,30,female,no,yes,yes,3
21400,31,female,no,yes,yes,3
21800,32,female,no,yes,yes,3
22200,33,female,no,yes,yes,3
22600,34,female,no,yes,yes,3
23000,35,female,no,yes,yes,3
23400,36,female,no,yes,yes,3
23800,37,female,no,yes,yes,3
24200,38,female,no,yes,yes,3
24600,39,female,no,yes,yes,3
25000,40,female,no,yes,yes,3
25400,41,female,no,yes,yes,3
25800,42,female,no,yes,yes,3
26200,43,female,no,yes,yes,3
26600,44,female,no,yes,yes,3
27000,45,female,no,yes,yes,3
27400,46,female,no,yes,yes,3
27800,47,female,no,yes,yes,3
28200,48,female,no,yes,yes,3
28600,49,female,no,yes,yes,3
29000,50,female,no,yes,yes,3
29400,51,female,no,yes,yes,3
29800,52,female,no,yes,yes,3
30200,53,female,no,yes,yes,3
30600,54,female,no,yes,yes,3
31000,55,female,no,yes,yes,3
31400,18,female,no,yes,yes,3
31800,19,female,no,yes,yes,3
32200,20,female,no,yes,yes,3
32600,21,female,no,yes,yes,3
33000,22,female,no,yes,yes,3
33400,23,female,no,yes,yes,3
33800,24,female,no,yes,yes,3
34200,25,female,no,yes,yes,3
34600,26,female,no,yes,yes,3
35000,27,female,no,yes,yes,3
35400,28,female,no,yes,yes,3
35800,29,female,no,yes,yes,3
36200,30,female,no,yes,yes,3
36600,31,female,no,yes,yes,3
37000,32,female,no,yes,yes,3
37400,33,female,no,yes,yes,3
37800,34,female,no,yes,yes,3
38200,35,female,no,yes,yes,3
38600,36,female,no,yes,yes,3
39000,37,female,no,yes,yes,3
39400,38,female,no,yes,yes,3
39800,39,female,no,yes,yes,3
40200,40,female,no,yes,yes,3
40600,41,female,no,yes,yes,3
41000,42,female,no,yes,yes,3
41400,43,female,no,yes,yes,3
41800,44,female,no,yes,yes,3
42200,45,female,no,yes,yes,3
42600,46,female,no,yes,yes,3
43000,47,female,no,yes,yes,3
43400,48,female,no,yes,yes,3
43800,49,female,no,yes,yes,3
44200,50,female,no,yes,yes,3
44600,51,female,no,yes,yes,3
45000,52,female,no,yes,yes,3
45400,53,female,no,yes,yes,3
45800,54,female,no,yes,yes,3
46200,55,female,no,yes,yes,3
46600,18,female,no,yes,yes,3
47000,19,female,no,yes,yes,3
47400,20,female,no,yes,yes,3
47800,21,female,no,yes,yes,3
48200,22,female,no,yes,yes,3
48600,23,female,no,yes,yes,3
49000,24,female,no,yes,yes,3
49400,25,female,no,yes,yes,3
49800,26,female,no,yes,yes,3
50200,27,female,no,yes,yes,3
50600,28,female,no,yes,yes,3
51000,29,female,no,yes,yes,3
51400,30,female,no,yes,yes,3
51800,31,female,no,yes,yes,3
52200,32,female,no,yes,yes,3
52600,33,female,no,yes,yes,3
53000,34,female,no,yes,yes,3
53400,35,female,no,yes,yes,3
53800,36,female,no,yes,yes,3
54200,37,female,no,yes,yes,3
54600,38,female,no,yes,yes,3
55000,39,female,no,yes,yes,3
55400,40,female,no,yes,yes,3
55800,41,female,no,yes,yes,3
56200,42,female,no,yes,yes,3
56600,43,female,no,yes,yes,3
57000,44,female,no,yes,yes,3
57400,45,female,no,yes,yes,3
57800,46,female,no,yes,yes,3
58200,47,female,no,yes,yes,3
58600,48,female,no,yes,yes,3
59000,49,female,no,yes,yes,3
59400,50,female,no,yes,yes,3
59800,51,female,no,yes,yes,3
60200,52,female,no,yes,yes,3
60600,53,female,no,yes,yes,3
61000,54,female,no,yes,yes,3
61400,55,female,no,yes,yes,3
61800,18,female,no,yes,yes,3
62200,19,female,no,yes,yes,3
62600,20,female,no,yes,yes,3
63000,21,female,no,yes,yes,3
63400,22,female,no,yes,yes,3
63800,23,female,no,yes,yes,3
64200,24,female,no,yes,yes,3
64600,25,female,no,yes,yes,3
65000,26,female,no,yes,yes,3
65400,27,female,no,yes,yes,3
65800,28,female,no,yes,yes,3
66200,29,female,no,yes,yes,3
66600,30,female,no,yes,yes,3
67000,31,female,no,yes,yes,3
67400,32,female,no,yes,yes,3
67800,33,female,no,yes,yes,3
68200,34,female,no,yes,yes,3
68600,35,female,no,yes,yes,3
69000,36,female,no,yes,yes,3
69400,37,female,no,yes,yes,3
69800,38,female,no,yes,yes,3
70200,39,female,no,yes,yes,3
70600,40,female,no,yes,yes,3
71000,41,female,no,yes,yes,3
71400,42,female,no,yes,yes,3
71800,43,female,no,yes,yes,3
72200,44,female,no,yes,yes,3
72600,45,female,no,yes,yes,3
73000,46,female,no,yes,yes,3
73400,47,female,no,yes,yes,3
73800,48,female,no,yes,yes,3
74200,49,female,no,yes,yes,3
74600,50,female,no,yes,yes,3
75000,51,female,no,yes,yes,3
75400,52,female,no,yes,yes,3
75800,53,female,no,yes,yes,3
76200,54,female,no,yes,yes,3
76600,55,female,no,yes,yes,3
77000,18,female,no,yes,yes,3
77400,19,female,no,yes,yes,3
77800,20,female,no,yes,yes,3
78200,21,female,no,yes,yes,3
78600,22,female,no,yes,yes,3
79000,23,female,no,yes,yes,3
79400,24,female,no,yes,yes,3
79800,25,female,no,yes,yes,3
80200,26,female,no,yes,yes,3
80600,27,female,no,yes,yes,3
81000,28,female,no,yes,yes,3
81400,29,female,no,yes,yes,3
81800,30,female,no,yes,yes,3
82200,31,female,no,yes,yes,3
82600,32,female,no,yes,yes,3
83000,33,female,no,yes,yes,3
83400,34,female,no,yes,yes,3
83800,35,female,no,yes,yes,3
84200,36,female,no,yes,yes,3
84600,37,female,no,yes,yes,3
85000,38,female,no,yes,yes,3
85400,39,female,no,yes,yes,3
85800,40,female,no,yes,yes,3
86200,41,female,no,yes,yes,3
86600,42,female,no,yes,yes,3
87000,43,female,no,yes,yes,3
87400,44,female,no,yes,yes,3
87800,45,female,no,yes,yes,3
88200,46,female,no,yes,yes,3
88600,47,female,no,yes,yes,3
89000,48,female,no,yes,yes,3
89400,49,female,no,yes,yes,3
89800,50,female,no,yes,yes,3
90200,51,female,no,yes,yes,3
90600,52,female,no,yes,yes,3
91000,53,female,no,yes,yes,3
91400,54,female,no,yes,yes,3
91800,55,female,no,yes,yes,3
92200,18,female,no,yes,yes,3
92600,19,female,no,yes,yes,3
93000,20,female,no,yes,yes,3
93400,21,female,no,yes,yes,3
93800,22,female,no,yes,yes,3
94200,23,female,no,yes,yes,3
94600,24,female,no,yes,yes,3
95000,25,female,no,yes,yes,3
95400,26,female,no,yes,yes,3
95800,27,female,no,yes,yes,3
96200,28,female,no,yes,yes,3
96600,29,female,no,yes,yes,3
97000,30,female,no,yes,yes,3
97400,31,female,no,yes,yes,3
97800,32,female,no,yes,yes,3
98200,33,female,no,yes,yes,3
98600,34,female,no,yes,yes,3
99000,35,female,no,yes,yes,3
99400,36,female,no,yes,yes,3
99800,37,female,no,yes,yes,3
100200,38,female,no,yes,yes,3
100600,39,female,no,yes,yes,3
101000,40,female,no,yes,yes,3
101400,41,female,no,yes,yes,3
101800,42,female,no,yes,yes,3
102200,43,female,no,yes,yes,3
102600,44,female,no,yes,yes,3
103000,45,female,no,yes,yes,3
103400,46,female,no,yes,yes,3
103800,47,female,no,yes,yes,3
104200,48,female,no,yes,yes,3
104600,49,female,no,yes,yes,3
105000,50,female,no,yes,yes,3
105400,51,female,no,yes,yes,3
105800,52,female,no,yes,yes,3
106200,53,female,no,yes,yes,3
106600,54,female,no,yes,yes,3
107000,55,female,no,yes,yes,3
107400,18,female,no,yes,yes,3
107800,19,female,no,yes,yes,3
108200,20,female,no,yes,yes,3
108600,21,female,no,yes,yes,3
109000,22,female,no,yes,yes,3
109400,23,female,no,yes,yes,3
109800,24,female,no,yes,yes,3
110200,25,female,no,yes,yes,3
110600,26,female,no,yes,yes,3
111000,27,female,no,yes,yes,3
111400,28,female,no,yes,yes,3
111800,29,female,no,yes,yes,3
112200,30,female,no,yes,yes,3
112600,31,female,no,yes,yes,3
113000,32,female,no,yes,yes,3
113400,33,female,no,yes,yes,3
113800,34,female,no,yes,yes,3
114200,35,female,no,yes,yes,3
114600,36,female,no,yes,yes,3
115000,37,female,no,yes,yes,3
115400,38,female,no,yes,yes,3
115800,39,female,no,yes,yes,3
116200,40,female,no,yes,yes,3
116600,41,female,no,yes,yes,3
117000,42,female,no,yes,yes,3
117400,43,female,no,yes,yes,3
117800,44,female,no,yes,yes,3
100,1,Both,yes,no,yes,4
102,2,Both,yes,no,yes,4
104,5,Both,yes,no,yes,4
106,1,Both,yes,no,yes,4
108,2,Both,yes,no,yes,4
110,3,Both,yes,no,yes,4
112,4,Both,yes,no,yes,4
114,5,Both,yes,no,yes,4
116,2,Both,yes,no,yes,4
118,3,Both,yes,no,yes,4
120,1,Both,yes,no,yes,4
122,2,Both,yes,no,yes,4
124,3,Both,yes,no,yes,4
126,4,Both,yes,no,yes,4
128,5,Both,yes,no,yes,4
130,1,Both,yes,no,yes,4
132,2,Both,yes,no,yes,4
134,3,Both,yes,no,yes,4
136,4,Both,yes,no,yes,4
138,5,Both,yes,no,yes,4
140,1,Both,yes,no,yes,4
142,2,Both,yes,no,yes,4
144,3,Both,yes,no,yes,4
146,4,Both,yes,no,yes,4
148,5,Both,yes,no,yes,4
150,1,Both,yes,no,yes,4
152,2,Both,yes,no,yes,4
154,3,Both,yes,no,yes,4
156,4,Both,yes,no,yes,4
158,5,Both,yes,no,yes,4
160,1,Both,yes,no,yes,4
162,2,Both,yes,no,yes,4
164,3,Both,yes,no,yes,4
166,4,Both,yes,no,yes,4
168,5,Both,yes,no,yes,4
170,1,Both,yes,no,yes,4
172,2,Both,yes,no,yes,4
174,3,Both,yes,no,yes,4
176,4,Both,yes,no,yes,4
178,5,Both,yes,no,yes,4
180,1,Both,yes,no,yes,4
182,2,Both,yes,no,yes,4
184,3,Both,yes,no,yes,4
186,4,Both,yes,no,yes,4
188,5,Both,yes,no,yes,4
190,1,Both,yes,no,yes,4
192,2,Both,yes,no,yes,4
194,3,Both,yes,no,yes,4
196,4,Both,yes,no,yes,4
198,5,Both,yes,no,yes,4
200,4,Both,no,no,yes,5
205,3,Both,no,no,yes,5
210,8,Both,no,no,yes,5
215,9,Both,no,no,yes,5
220,10,Both,no,no,yes,5
225,11,Both,no,no,yes,5
230,12,Both,no,no,yes,5
235,6,Both,no,no,yes,5
240,7,Both,no,no,yes,5
245,8,Both,no,no,yes,5
250,9,Both,no,no,yes,5
255,1,Both,no,no,yes,5
260,2,Both,no,no,yes,5
265,3,Both,no,no,yes,5
270,4,Both,no,no,yes,5
275,5,Both,no,no,yes,5
280,6,Both,no,no,yes,5
285,7,Both,no,no,yes,5
290,8,Both,no,no,yes,5
295,9,Both,no,no,yes,5
300,10,Both,no,no,yes,5
305,11,Both,no,no,yes,5
310,12,Both,no,no,yes,5
315,13,Both,no,no,yes,5
320,14,Both,no,no,yes,5
325,15,Both,no,no,yes,5
330,16,Both,no,no,yes,5
335,17,Both,no,no,yes,5
340,18,Both,no,no,yes,5
345,19,Both,no,no,yes,5
350,20,Both,no,no,yes,5
355,21,Both,no,no,yes,5
360,22,Both,no,no,yes,5
365,23,Both,no,no,yes,5
370,24,Both,no,no,yes,5
375,25,Both,no,no,yes,5
380,26,Both,no,no,yes,5
385,27,Both,no,no,yes,5
390,28,Both,no,no,yes,5
395,29,Both,no,no,yes,5
400,30,Both,no,no,yes,5
405,31,Both,no,no,yes,5
410,32,Both,no,no,yes,5
415,33,Both,no,no,yes,5
420,34,Both,no,no,yes,5
425,35,Both,no,no,yes,5
430,36,Both,no,no,yes,5
435,37,Both,no,no,yes,5
440,38,Both,no,no,yes,5
445,39,Both,no,no,yes,5
450,40,Both,no,no,yes,5
455,41,Both,no,no,yes,5
460,42,Both,no,no,yes,5
465,43,Both,no,no,yes,5
470,44,Both,no,no,yes,5
475,45,Both,no,no,yes,5
480,46,Both,no,no,yes,5
485,47,Both,no,no,yes,5
490,48,Both,no,no,yes,5
495,49,Both,no,no,yes,5
500,50,Both,no,no,yes,5
250,6,Both,yes,no,yes,6
252,7,Both,yes,no,yes,6
254,8,Both,yes,no,yes,6
256,9,Both,yes,no,yes,6
258,10,Both,yes,no,yes,6
260,11,Both,yes,no,yes,6
262,12,Both,yes,no,yes,6
264,13,Both,yes,no,yes,6
266,14,Both,yes,no,yes,6
268,15,Both,yes,no,yes,6
270,16,Both,yes,no,yes,6
272,10,Both,yes,no,yes,6
274,11,Both,yes,no,yes,6
276,12,Both,yes,no,yes,6
278,13,Both,yes,no,yes,6
280,14,Both,yes,no,yes,6
282,15,Both,yes,no,yes,6
284,6,Both,yes,no,yes,6
286,7,Both,yes,no,yes,6
288,8,Both,yes,no,yes,6
290,9,Both,yes,no,yes,6
292,10,Both,yes,no,yes,6
294,11,Both,yes,no,yes,6
296,12,Both,yes,no,yes,6
298,13,Both,yes,no,yes,6
300,14,Both,yes,no,yes,6
302,15,Both,yes,no,yes,6
304,16,Both,yes,no,yes,6
306,17,Both,yes,no,yes,6
308,18,Both,yes,no,yes,6
310,6,Both,yes,no,yes,6
312,7,Both,yes,no,yes,6
314,8,Both,yes,no,yes,6
316,9,Both,yes,no,yes,6
318,10,Both,yes,no,yes,6
320,11,Both,yes,no,yes,6
322,12,Both,yes,no,yes,6
324,13,Both,yes,no,yes,6
326,14,Both,yes,no,yes,6
328,15,Both,yes,no,yes,6
330,16,Both,yes,no,yes,6
332,17,Both,yes,no,yes,6
334,18,Both,yes,no,yes,6
336,6,Both,yes,no,yes,6
338,7,Both,yes,no,yes,6
340,8,Both,yes,no,yes,6
342,9,Both,yes,no,yes,6
344,10,Both,yes,no,yes,6
346,11,Both,yes,no,yes,6
348,12,Both,yes,no,yes,6
350,13,Both,yes,no,yes,6
352,14,Both,yes,no,yes,6
354,15,Both,yes,no,yes,6
356,16,Both,yes,no,yes,6
358,17,Both,yes,no,yes,6
360,18,Both,yes,no,yes,6
362,6,Both,yes,no,yes,6
364,7,Both,yes,no,yes,6
366,8,Both,yes,no,yes,6
368,9,Both,yes,no,yes,6
370,10,Both,yes,no,yes,6
372,11,Both,yes,no,yes,6
374,12,Both,yes,no,yes,6
376,13,Both,yes,no,yes,6
378,14,Both,yes,no,yes,6
380,15,Both,yes,no,yes,6
382,16,Both,yes,no,yes,6
384,17,Both,yes,no,yes,6
386,18,Both,yes,no,yes,6
388,6,Both,yes,no,yes,6
390,7,Both,yes,no,yes,6
392,8,Both,yes,no,yes,6
394,9,Both,yes,no,yes,6
396,10,Both,yes,no,yes,6
398,11,Both,yes,no,yes,6
400,12,Both,yes,no,yes,6
402,13,Both,yes,no,yes,6
404,14,Both,yes,no,yes,6
406,15,Both,yes,no,yes,6
408,16,Both,yes,no,yes,6
410,17,Both,yes,no,yes,6
412,18,Both,yes,no,yes,6
414,6,Both,yes,no,yes,6
416,7,Both,yes,no,yes,6
418,8,Both,yes,no,yes,6
420,9,Both,yes,no,yes,6
422,10,Both,yes,no,yes,6
424,11,Both,yes,no,yes,6
426,12,Both,yes,no,yes,6
428,13,Both,yes,no,yes,6
430,14,Both,yes,no,yes,6
432,15,Both,yes,no,yes,6
434,16,Both,yes,no,yes,6
436,17,Both,yes,no,yes,6
438,18,Both,yes,no,yes,6
440,6,Both,yes,no,yes,6
442,7,Both,yes,no,yes,6
444,8,Both,yes,no,yes,6
446,9,Both,yes,no,yes,6
448,10,Both,yes,no,yes,6
450,11,Both,yes,no,yes,6
452,12,Both,yes,no,yes,6
454,13,Both,yes,no,yes,6
456,14,Both,yes,no,yes,6
458,15,Both,yes,no,yes,6
460,16,Both,yes,no,yes,6
462,17,Both,yes,no,yes,6
464,18,Both,yes,no,yes,6
466,6,Both,yes,no,yes,6
468,7,Both,yes,no,yes,6
470,8,Both,yes,no,yes,6
472,9,Both,yes,no,yes,6
474,10,Both,yes,no,yes,6
476,11,Both,yes,no,yes,6
478,12,Both,yes,no,yes,6
480,13,Both,yes,no,yes,6
482,14,Both,yes,no,yes,6
484,15,Both,yes,no,yes,6
486,16,Both,yes,no,yes,6
488,17,Both,yes,no,yes,6
490,18,Both,yes,no,yes,6
492,6,Both,yes,no,yes,6
494,7,Both,yes,no,yes,6
496,8,Both,yes,no,yes,6
498,9,Both,yes,no,yes,6
500,16,Both,yes,no,yes,7
510,17,Both,yes,no,yes,7
520,18,Both,yes,no,yes,7
530,6,Both,yes,no,yes,7
540,7,Both,yes,no,yes,7
550,8,Both,yes,no,yes,7
560,9,Both,yes,no,yes,7
570,10,Both,yes,no,yes,7
580,11,Both,yes,no,yes,7
590,12,Both,yes,no,yes,7
600,7,Both,yes,no,yes,7
610,8,Both,yes,no,yes,7
620,9,Both,yes,no,yes,7
630,10,Both,yes,no,yes,7
640,11,Both,yes,no,yes,7
650,12,Both,yes,no,yes,7
660,13,Both,yes,no,yes,7
670,14,Both,yes,no,yes,7
680,15,Both,yes,no,yes,7
690,15,Both,yes,no,yes,7
700,16,Both,yes,no,yes,7
710,17,Both,yes,no,yes,7
720,9,Both,yes,no,yes,7
730,10,Both,yes,no,yes,7
740,11,Both,yes,no,yes,7
750,12,Both,yes,no,yes,7
760,13,Both,yes,no,yes,7
770,16,Both,yes,no,yes,7
780,17,Both,yes,no,yes,7
790,18,Both,yes,no,yes,7
800,6,Both,yes,no,yes,7
810,7,Both,yes,no,yes,7
820,16,Both,yes,no,yes,7
830,17,Both,yes,no,yes,7
840,18,Both,yes,no,yes,7
850,6,Both,yes,no,yes,7
860,7,Both,yes,no,yes,7
870,8,Both,yes,no,yes,7
880,9,Both,yes,no,yes,7
890,10,Both,yes,no,yes,7
900,11,Both,yes,no,yes,7
910,12,Both,yes,no,yes,7
920,13,Both,yes,no,yes,7
930,14,Both,yes,no,yes,7
940,15,Both,yes,no,yes,7
950,6,Both,yes,no,yes,7
960,7,Both,yes,no,yes,7
970,8,Both,yes,no,yes,7
980,9,Both,yes,no,yes,7
990,10,Both,yes,no,yes,7
1000,11,Both,yes,no,yes,7
1010,12,Both,yes,no,yes,7
1020,13,Both,yes,no,yes,7
1030,14,Both,yes,no,yes,7
1040,15,Both,yes,no,yes,7
1050,16,Both,yes,no,yes,7
1060,17,Both,yes,no,yes,7
1070,18,Both,yes,no,yes,7
1080,6,Both,yes,no,yes,7
1090,7,Both,yes,no,yes,7
1100,8,Both,yes,no,yes,7
1110,9,Both,yes,no,yes,7
1120,10,Both,yes,no,yes,7
1130,11,Both,yes,no,yes,7
1140,12,Both,yes,no,yes,7
1150,13,Both,yes,no,yes,7
1160,14,Both,yes,no,yes,7
1170,15,Both,yes,no,yes,7
1180,16,Both,yes,no,yes,7
1190,17,Both,yes,no,yes,7
1200,18,Both,yes,no,yes,7
1210,6,Both,yes,no,yes,7
1220,7,Both,yes,no,yes,7
1230,8,Both,yes,no,yes,7
1240,9,Both,yes,no,yes,7
1250,10,Both,yes,no,yes,7
1260,11,Both,yes,no,yes,7
1270,12,Both,yes,no,yes,7
1280,13,Both,yes,no,yes,7
1290,14,Both,yes,no,yes,7
1300,15,Both,yes,no,yes,7
1310,16,Both,yes,no,yes,7
1320,17,Both,yes,no,yes,7
1330,18,Both,yes,no,yes,7
1340,6,Both,yes,no,yes,7
1350,7,Both,yes,no,yes,7
1360,8,Both,yes,no,yes,7
1370,9,Both,yes,no,yes,7
1380,10,Both,yes,no,yes,7
1390,11,Both,yes,no,yes,7
1400,12,Both,yes,no,yes,7
1410,13,Both,yes,no,yes,7
1420,14,Both,yes,no,yes,7
1430,15,Both,yes,no,yes,7
1440,16,Both,yes,no,yes,7
1450,17,Both,yes,no,yes,7
1460,18,Both,yes,no,yes,7
1470,6,Both,yes,no,yes,7
1480,7,Both,yes,no,yes,7
1490,8,Both,yes,no,yes,7
1500,9,Both,yes,no,yes,7
1510,10,Both,yes,no,yes,7
1520,11,Both,yes,no,yes,7
1530,12,Both,yes,no,yes,7
1540,13,Both,yes,no,yes,7
1550,14,Both,yes,no,yes,7
1560,15,Both,yes,no,yes,7
1570,16,Both,yes,no,yes,7
1580,17,Both,yes,no,yes,7
1590,18,Both,yes,no,yes,7
1600,6,Both,yes,no,yes,7
1610,7,Both,yes,no,yes,7
1620,8,Both,yes,no,yes,7
1630,9,Both,yes,no,yes,7
1640,10,Both,yes,no,yes,7
1650,11,Both,yes,no,yes,7
1660,12,Both,yes,no,yes,7
1670,13,Both,yes,no,yes,7
1680,14,Both,yes,no,yes,7
1690,15,Both,yes,no,yes,7
1700,16,Both,yes,no,yes,7
1710,17,Both,yes,no,yes,7
1720,18,Both,yes,no,yes,7
1730,6,Both,yes,no,yes,7
1740,7,Both,yes,no,yes,7
1750,8,Both,yes,no,yes,7
1760,9,Both,yes,no,yes,7
1770,10,Both,yes,no,yes,7
1780,11,Both,yes,no,yes,7
1790,12,Both,yes,no,yes,7
1800,13,Both,yes,no,yes,7
1810,14,Both,yes,no,yes,7
1820,15,Both,yes,no,yes,7
1830,16,Both,yes,no,yes,7
1840,17,Both,yes,no,yes,7
1850,18,Both,yes,no,yes,7
1860,6,Both,yes,no,yes,7
1870,7,Both,yes,no,yes,7
1880,8,Both,yes,no,yes,7
1890,9,Both,yes,no,yes,7
1900,10,Both,yes,no,yes,7
1910,11,Both,yes,no,yes,7
1920,12,Both,yes,no,yes,7
1930,13,Both,yes,no,yes,7
1940,14,Both,yes,no,yes,7
1950,15,Both,yes,no,yes,7
1960,16,Both,yes,no,yes,7
1970,17,Both,yes,no,yes,7
1980,18,Both,yes,no,yes,7
1990,6,Both,yes,no,yes,7
2000,7,Both,yes,no,yes,7
2010,8,Both,yes,no,yes,7
2020,9,Both,yes,no,yes,7
2030,10,Both,yes,no,yes,7
2040,11,Both,yes,no,yes,7
2050,12,Both,yes,no,yes,7
2060,13,Both,yes,no,yes,7
2070,14,Both,yes,no,yes,7
2080,15,Both,yes,no,yes,7
2090,16,Both,yes,no,yes,7
2100,17,Both,yes,no,yes,7
2110,18,Both,yes,no,yes,7
2120,6,Both,yes,no,yes,7
2130,7,Both,yes,no,yes,7
2140,8,Both,yes,no,yes,7
2150,9,Both,yes,no,yes,7
2160,10,Both,yes,no,yes,7
2170,11,Both,yes,no,yes,7
2180,12,Both,yes,no,yes,7
2190,13,Both,yes,no,yes,7
2200,14,Both,yes,no,yes,7
2210,15,Both,yes,no,yes,7
2220,16,Both,yes,no,yes,7
2230,17,Both,yes,no,yes,7
2240,18,Both,yes,no,yes,7
2250,6,Both,yes,no,yes,7
2260,7,Both,yes,no,yes,7
2270,8,Both,yes,no,yes,7
2280,9,Both,yes,no,yes,7
2290,10,Both,yes,no,yes,7
2300,11,Both,yes,no,yes,7
2310,12,Both,yes,no,yes,7
2320,13,Both,yes,no,yes,7
2330,14,Both,yes,no,yes,7
2340,15,Both,yes,no,yes,7
2350,16,Both,yes,no,yes,7
2360,17,Both,yes,no,yes,7
2370,18,Both,yes,no,yes,7
2380,6,Both,yes,no,yes,7
2390,7,Both,yes,no,yes,7
2400,8,Both,yes,no,yes,7
2410,9,Both,yes,no,yes,7
2420,10,Both,yes,no,yes,7
2430,11,Both,yes,no,yes,7
2440,12,Both,yes,no,yes,7
2450,13,Both,yes,no,yes,7
2460,14,Both,yes,no,yes,7
2470,15,Both,yes,no,yes,7
2480,16,Both,yes,no,yes,7
2490,17,Both,yes,no,yes,7
2500,18,Both,yes,no,yes,7
2510,6,Both,yes,no,yes,7
2520,7,Both,yes,no,yes,7
2530,8,Both,yes,no,yes,7
2540,9,Both,yes,no,yes,7
2550,10,Both,yes,no,yes,7
2560,11,Both,yes,no,yes,7
2570,12,Both,yes,no,yes,7
2580,13,Both,yes,no,yes,7
2590,14,Both,yes,no,yes,7
2600,15,Both,yes,no,yes,7
2610,16,Both,yes,no,yes,7
2620,17,Both,yes,no,yes,7
2630,18,Both,yes,no,yes,7
2640,6,Both,yes,no,yes,7
2650,7,Both,yes,no,yes,7
2660,8,Both,yes,no,yes,7
2670,9,Both,yes,no,yes,7
2680,10,Both,yes,no,yes,7
2690,11,Both,yes,no,yes,7
2700,12,Both,yes,no,yes,7
2710,13,Both,yes,no,yes,7
2720,14,Both,yes,no,yes,7
2730,15,Both,yes,no,yes,7
2740,16,Both,yes,no,yes,7
2750,17,Both,yes,no,yes,7
2760,18,Both,yes,no,yes,7
2770,6,Both,yes,no,yes,7
2780,7,Both,yes,no,yes,7
2790,8,Both,yes,no,yes,7
2800,9,Both,yes,no,yes,7
2810,10,Both,yes,no,yes,7
2820,11,Both,yes,no,yes,7
2830,12,Both,yes,no,yes,7
2840,13,Both,yes,no,yes,7
2850,14,Both,yes,no,yes,7
2860,15,Both,yes,no,yes,7
2870,16,Both,yes,no,yes,7
2880,17,Both,yes,no,yes,7
2890,18,Both,yes,no,yes,7
2900,6,Both,yes,no,yes,7
2910,7,Both,yes,no,yes,7
2920,8,Both,yes,no,yes,7
2930,9,Both,yes,no,yes,7
2940,10,Both,yes,no,yes,7
2950,11,Both,yes,no,yes,7
2960,12,Both,yes,no,yes,7
2970,13,Both,yes,no,yes,7
2980,14,Both,yes,no,yes,7
2990,15,Both,yes,no,yes,7
3000,16,Both,yes,no,yes,7
3010,17,Both,yes,no,yes,7
3020,18,Both,yes,no,yes,7
3030,6,Both,yes,no,yes,7
3040,7,Both,yes,no,yes,7
3050,8,Both,yes,no,yes,7
3060,9,Both,yes,no,yes,7
3070,10,Both,yes,no,yes,7
3080,11,Both,yes,no,yes,7
3090,12,Both,yes,no,yes,7
3100,13,Both,yes,no,yes,7
3110,14,Both,yes,no,yes,7
3120,15,Both,yes,no,yes,7
3130,16,Both,yes,no,yes,7
3140,17,Both,yes,no,yes,7
3150,18,Both,yes,no,yes,7
3160,6,Both,yes,no,yes,7
3170,7,Both,yes,no,yes,7
3180,8,Both,yes,no,yes,7
3190,9,Both,yes,no,yes,7
3200,10,Both,yes,no,yes,7
3210,11,Both,yes,no,yes,7
3220,12,Both,yes,no,yes,7
3230,13,Both,yes,no,yes,7
3240,14,Both,yes,no,yes,7
3250,15,Both,yes,no,yes,7
3260,16,Both,yes,no,yes,7
3270,17,Both,yes,no,yes,7
3280,18,Both,yes,no,yes,7
3290,6,Both,yes,no,yes,7
3300,7,Both,yes,no,yes,7
3310,8,Both,yes,no,yes,7
3320,9,Both,yes,no,yes,7
3330,10,Both,yes,no,yes,7
3340,11,Both,yes,no,yes,7
3350,12,Both,yes,no,yes,7
3360,13,Both,yes,no,yes,7
3370,14,Both,yes,no,yes,7
3380,15,Both,yes,no,yes,7
3390,16,Both,yes,no,yes,7
3400,17,Both,yes,no,yes,7
3410,18,Both,yes,no,yes,7
3420,6,Both,yes,no,yes,7
3430,7,Both,yes,no,yes,7
3440,8,Both,yes,no,yes,7
3450,9,Both,yes,no,yes,7
3460,10,Both,yes,no,yes,7
3470,11,Both,yes,no,yes,7
3480,12,Both,yes,no,yes,7
3490,13,Both,yes,no,yes,7
3500,14,Both,yes,no,yes,7
3510,15,Both,yes,no,yes,7
3520,16,Both,yes,no,yes,7
3530,17,Both,yes,no,yes,7
3540,18,Both,yes,no,yes,7
3550,6,Both,yes,no,yes,7
3560,7,Both,yes,no,yes,7
3570,8,Both,yes,no,yes,7
3580,9,Both,yes,no,yes,7
3590,10,Both,yes,no,yes,7
3600,11,Both,yes,no,yes,7
3610,12,Both,yes,no,yes,7
3620,13,Both,yes,no,yes,7
3630,14,Both,yes,no,yes,7
3640,15,Both,yes,no,yes,7
3650,16,Both,yes,no,yes,7
3660,17,Both,yes,no,yes,7
3670,18,Both,yes,no,yes,7
3680,6,Both,yes,no,yes,7
3690,7,Both,yes,no,yes,7
3700,8,Both,yes,no,yes,7
3710,9,Both,yes,no,yes,7
3720,10,Both,yes,no,yes,7
3730,11,Both,yes,no,yes,7
3740,12,Both,yes,no,yes,7
3750,13,Both,yes,no,yes,7
3760,14,Both,yes,no,yes,7
3770,15,Both,yes,no,yes,7
3780,16,Both,yes,no,yes,7
3790,17,Both,yes,no,yes,7
3800,18,Both,yes,no,yes,7
3810,6,Both,yes,no,yes,7
3820,7,Both,yes,no,yes,7
3830,8,Both,yes,no,yes,7
3840,9,Both,yes,no,yes,7
3850,10,Both,yes,no,yes,7
3860,11,Both,yes,no,yes,7
3870,12,Both,yes,no,yes,7
3880,13,Both,yes,no,yes,7
3890,14,Both,yes,no,yes,7
3900,15,Both,yes,no,yes,7
3910,16,Both,yes,no,yes,7
3920,17,Both,yes,no,yes,7
3930,18,Both,yes,no,yes,7
3940,6,Both,yes,no,yes,7
3950,7,Both,yes,no,yes,7
3960,8,Both,yes,no,yes,7
3970,9,Both,yes,no,yes,7
3980,10,Both,yes,no,yes,7
3990,11,Both,yes,no,yes,7
4000,12,Both,yes,no,yes,7
4010,13,Both,yes,no,yes,7
4020,14,Both,yes,no,yes,7
4030,15,Both,yes,no,yes,7
4040,16,Both,yes,no,yes,7
4050,17,Both,yes,no,yes,7
4060,18,Both,yes,no,yes,7
4070,6,Both,yes,no,yes,7
4080,7,Both,yes,no,yes,7
4090,8,Both,yes,no,yes,7
4100,9,Both,yes,no,yes,7
4110,10,Both,yes,no,yes,7
4120,11,Both,yes,no,yes,7
4130,12,Both,yes,no,yes,7
4140,13,Both,yes,no,yes,7
4150,14,Both,yes,no,yes,7
4160,15,Both,yes,no,yes,7
4170,16,Both,yes,no,yes,7
4180,17,Both,yes,no,yes,7
4190,18,Both,yes,no,yes,7
4200,6,Both,yes,no,yes,7
4210,7,Both,yes,no,yes,7
4220,8,Both,yes,no,yes,7
4230,9,Both,yes,no,yes,7
4240,10,Both,yes,no,yes,7
4250,11,Both,yes,no,yes,7
4260,12,Both,yes,no,yes,7
4270,13,Both,yes,no,yes,7
4280,14,Both,yes,no,yes,7
4290,15,Both,yes,no,yes,7
4300,16,Both,yes,no,yes,7
4310,17,Both,yes,no,yes,7
4320,18,Both,yes,no,yes,7
4330,6,Both,yes,no,yes,7
4340,7,Both,yes,no,yes,7
4350,8,Both,yes,no,yes,7
4360,9,Both,yes,no,yes,7
4370,10,Both,yes,no,yes,7
4380,11,Both,yes,no,yes,7
4390,12,Both,yes,no,yes,7
4400,13,Both,yes,no,yes,7
4410,14,Both,yes,no,yes,7
4420,15,Both,yes,no,yes,7
4430,16,Both,yes,no,yes,7
4440,17,Both,yes,no,yes,7
4450,18,Both,yes,no,yes,7
4460,6,Both,yes,no,yes,7
4470,7,Both,yes,no,yes,7
4480,8,Both,yes,no,yes,7
4490,9,Both,yes,no,yes,7
4500,10,Both,yes,no,yes,7
4510,11,Both,yes,no,yes,7
4520,12,Both,yes,no,yes,7
4530,13,Both,yes,no,yes,7
4540,14,Both,yes,no,yes,7
4550,15,Both,yes,no,yes,7
4560,16,Both,yes,no,yes,7
4570,17,Both,yes,no,yes,7
4580,18,Both,yes,no,yes,7
4590,6,Both,yes,no,yes,7
4600,7,Both,yes,no,yes,7
4610,8,Both,yes,no,yes,7
4620,9,Both,yes,no,yes,7
4630,10,Both,yes,no,yes,7
4640,11,Both,yes,no,yes,7
4650,12,Both,yes,no,yes,7
4660,13,Both,yes,no,yes,7
4670,14,Both,yes,no,yes,7
4680,15,Both,yes,no,yes,7
4690,16,Both,yes,no,yes,7
4700,17,Both,yes,no,yes,7
4710,18,Both,yes,no,yes,7
4720,6,Both,yes,no,yes,7
4730,7,Both,yes,no,yes,7
4740,8,Both,yes,no,yes,7
4750,9,Both,yes,no,yes,7
4760,10,Both,yes,no,yes,7
4770,11,Both,yes,no,yes,7
4780,12,Both,yes,no,yes,7
4790,13,Both,yes,no,yes,7
4800,14,Both,yes,no,yes,7
4810,15,Both,yes,no,yes,7
4820,16,Both,yes,no,yes,7
4830,17,Both,yes,no,yes,7
4840,18,Both,yes,no,yes,7
4850,6,Both,yes,no,yes,7
4860,7,Both,yes,no,yes,7
4870,8,Both,yes,no,yes,7
4880,9,Both,yes,no,yes,7
4890,10,Both,yes,no,yes,7
4900,11,Both,yes,no,yes,7
4910,12,Both,yes,no,yes,7
4920,13,Both,yes,no,yes,7
4930,14,Both,yes,no,yes,7
4940,15,Both,yes,no,yes,7
4950,16,Both,yes,no,yes,7
4960,17,Both,yes,no,yes,7
4970,18,Both,yes,no,yes,7
4980,6,Both,yes,no,yes,7
4990,7,Both,yes,no,yes,7
5000,8,Both,yes,no,yes,7
5010,9,Both,yes,no,yes,7
5020,10,Both,yes,no,yes,7
5030,11,Both,yes,no,yes,7
5040,12,Both,yes,no,yes,7
5050,13,Both,yes,no,yes,7
5060,14,Both,yes,no,yes,7
5070,15,Both,yes,no,yes,7
5080,16,Both,yes,no,yes,7
5090,17,Both,yes,no,yes,7
5100,18,Both,yes,no,yes,7
5110,6,Both,yes,no,yes,7
5120,7,Both,yes,no,yes,7
5130,8,Both,yes,no,yes,7
5140,9,Both,yes,no,yes,7
5150,10,Both,yes,no,yes,7
5160,11,Both,yes,no,yes,7
5170,12,Both,yes,no,yes,7
5180,13,Both,yes,no,yes,7
5190,14,Both,yes,no,yes,7
5200,15,Both,yes,no,yes,7
5210,16,Both,yes,no,yes,7
5220,17,Both,yes,no,yes,7
5230,18,Both,yes,no,yes,7
5240,6,Both,yes,no,yes,7
5250,7,Both,yes,no,yes,7
5260,8,Both,yes,no,yes,7
5270,9,Both,yes,no,yes,7
5280,10,Both,yes,no,yes,7
5290,11,Both,yes,no,yes,7
5300,12,Both,yes,no,yes,7
5310,13,Both,yes,no,yes,7
5320,14,Both,yes,no,yes,7
5330,15,Both,yes,no,yes,7
5340,16,Both,yes,no,yes,7
5350,17,Both,yes,no,yes,7
5360,18,Both,yes,no,yes,7
5370,6,Both,yes,no,yes,7
5380,7,Both,yes,no,yes,7
5390,8,Both,yes,no,yes,7
5400,9,Both,yes,no,yes,7
5410,10,Both,yes,no,yes,7
5420,11,Both,yes,no,yes,7
5430,12,Both,yes,no,yes,7
5440,13,Both,yes,no,yes,7
5450,14,Both,yes,no,yes,7
5460,15,Both,yes,no,yes,7
1000,14,Both,no,no,yes,8
1010,15,Both,no,no,yes,8
1020,16,Both,no,no,yes,8
1030,17,Both,no,no,yes,8
1040,18,Both,no,no,yes,8
1050,7,Both,no,no,yes,8
1060,8,Both,no,no,yes,8
1070,9,Both,no,no,yes,8
1080,10,Both,no,no,yes,8
1090,11,Both,no,no,yes,8
1100,12,Both,no,no,yes,8
1110,13,Both,no,no,yes,8
1120,14,Both,no,no,yes,8
1130,15,Both,no,no,yes,8
1140,8,Both,no,no,yes,8
1150,9,Both,no,no,yes,8
1160,10,Both,no,no,yes,8
1170,11,Both,no,no,yes,8
1180,12,Both,no,no,yes,8
1190,13,Both,no,no,yes,8
1200,14,Both,no,no,yes,8
1210,15,Both,no,no,yes,8
1220,11,Both,no,no,yes,8
1230,12,Both,no,no,yes,8
1240,13,Both,no,no,yes,8
1250,14,Both,no,no,yes,8
1260,15,Both,no,no,yes,8
1270,16,Both,yes,no,yes,8
1280,8,Both,no,no,yes,8
1290,9,Both,no,no,yes,8
1300,10,Both,no,no,yes,8
1310,11,Both,no,no,yes,8
1320,12,Both,no,no,yes,8
1330,13,Both,no,no,yes,8
1340,14,Both,no,no,yes,8
1350,15,Both,no,no,yes,8
1360,16,Both,no,no,yes,8
1370,6,Both,no,no,yes,8
1380,7,Both,no,no,yes,8
1390,8,Both,no,no,yes,8
1400,9,Both,no,no,yes,8
1410,10,Both,no,no,yes,8
1420,11,Both,no,no,yes,8
1430,12,Both,no,no,yes,8
1440,13,Both,no,no,yes,8
1450,14,Both,no,no,yes,8
1460,15,Both,no,no,yes,8
1470,16,Both,no,no,yes,8
1480,17,Both,no,no,yes,8
1490,18,Both,no,no,yes,8
1500,6,Both,no,no,yes,8
1510,7,Both,no,no,yes,8
1520,8,Both,no,no,yes,8
1530,9,Both,no,no,yes,8
1540,10,Both,no,no,yes,8
1550,11,Both,no,no,yes,8
1560,12,Both,no,no,yes,8
1570,13,Both,no,no,yes,8
1580,14,Both,no,no,yes,8
1590,15,Both,no,no,yes,8
1600,16,Both,no,no,yes,8
1610,17,Both,no,no,yes,8
1620,18,Both,no,no,yes,8
1630,6,Both,no,no,yes,8
1640,7,Both,no,no,yes,8
1650,8,Both,no,no,yes,8
1660,9,Both,no,no,yes,8
1670,10,Both,no,no,yes,8
1680,11,Both,no,no,yes,8
1690,12,Both,no,no,yes,8
1700,13,Both,no,no,yes,8
1710,14,Both,no,no,yes,8
1720,15,Both,no,no,yes,8
1730,16,Both,no,no,yes,8
1740,17,Both,no,no,yes,8
1750,18,Both,no,no,yes,8
1760,6,Both,no,no,yes,8
1770,7,Both,no,no,yes,8
1780,8,Both,no,no,yes,8
1790,9,Both,no,no,yes,8
1800,10,Both,no,no,yes,8
1810,11,Both,no,no,yes,8
1820,12,Both,no,no,yes,8
1830,13,Both,no,no,yes,8
1840,14,Both,no,no,yes,8
1850,15,Both,no,no,yes,8
1860,16,Both,no,no,yes,8
1870,17,Both,no,no,yes,8
1880,18,Both,no,no,yes,8
1890,6,Both,no,no,yes,8
1900,7,Both,no,no,yes,8
1910,8,Both,no,no,yes,8
1920,9,Both,no,no,yes,8
1930,10,Both,no,no,yes,8
1940,11,Both,no,no,yes,8
1950,12,Both,no,no,yes,8
1960,13,Both,no,no,yes,8
1970,14,Both,no,no,yes,8
1980,15,Both,no,no,yes,8
1990,16,Both,no,no,yes,8
2000,17,Both,no,no,yes,8
2010,18,Both,no,no,yes,8
2020,6,Both,no,no,yes,8
2030,7,Both,no,no,yes,8
2040,8,Both,no,no,yes,8
2050,9,Both,no,no,yes,8
2060,10,Both,no,no,yes,8
2070,11,Both,no,no,yes,8
2080,12,Both,no,no,yes,8
2090,13,Both,no,no,yes,8
2100,14,Both,no,no,yes,8
2110,15,Both,no,no,yes,8
2120,16,Both,no,no,yes,8
2130,17,Both,no,no,yes,8
2140,18,Both,no,no,yes,8
2150,6,Both,no,no,yes,8
2160,7,Both,no,no,yes,8
2170,8,Both,no,no,yes,8
2180,9,Both,no,no,yes,8
2190,10,Both,no,no,yes,8
2200,11,Both,no,no,yes,8
2210,12,Both,no,no,yes,8
2220,13,Both,no,no,yes,8
2230,14,Both,no,no,yes,8
2240,15,Both,no,no,yes,8
2250,16,Both,no,no,yes,8
2260,17,Both,no,no,yes,8
2270,18,Both,no,no,yes,8
2280,6,Both,no,no,yes,8
2290,7,Both,no,no,yes,8
2300,8,Both,no,no,yes,8
2310,9,Both,no,no,yes,8
2320,10,Both,no,no,yes,8
2330,11,Both,no,no,yes,8
2340,12,Both,no,no,yes,8
2350,13,Both,no,no,yes,8
2360,14,Both,no,no,yes,8
2370,15,Both,no,no,yes,8
2380,16,Both,no,no,yes,8
2390,17,Both,no,no,yes,8
2400,18,Both,no,no,yes,8
2410,6,Both,no,no,yes,8
2420,7,Both,no,no,yes,8
2430,8,Both,no,no,yes,8
2440,9,Both,no,no,yes,8
2450,10,Both,no,no,yes,8
2460,11,Both,no,no,yes,8
2470,12,Both,no,no,yes,8
2480,13,Both,no,no,yes,8
2490,14,Both,no,no,yes,8
2500,15,Both,no,no,yes,8
2510,16,Both,no,no,yes,8
2520,17,Both,no,no,yes,8
2530,18,Both,no,no,yes,8
2540,6,Both,no,no,yes,8
2550,7,Both,no,no,yes,8
2560,8,Both,no,no,yes,8
2570,9,Both,no,no,yes,8
2580,10,Both,no,no,yes,8
2590,11,Both,no,no,yes,8
2600,12,Both,no,no,yes,8
2610,13,Both,no,no,yes,8
2620,14,Both,no,no,yes,8
2630,15,Both,no,no,yes,8
2640,16,Both,no,no,yes,8
2650,17,Both,no,no,yes,8
2660,18,Both,no,no,yes,8
2670,6,Both,no,no,yes,8
2680,7,Both,no,no,yes,8
2690,8,Both,no,no,yes,8
2700,9,Both,no,no,yes,8
2710,10,Both,no,no,yes,8
2720,11,Both,no,no,yes,8
2730,12,Both,no,no,yes,8
2740,13,Both,no,no,yes,8
2750,14,Both,no,no,yes,8
2760,15,Both,no,no,yes,8
2770,16,Both,no,no,yes,8
2780,17,Both,no,no,yes,8
2790,18,Both,no,no,yes,8
2800,6,Both,no,no,yes,8
2810,7,Both,no,no,yes,8
2820,8,Both,no,no,yes,8
2830,9,Both,no,no,yes,8
2840,10,Both,no,no,yes,8
2850,11,Both,no,no,yes,8
2860,12,Both,no,no,yes,8
2870,13,Both,no,no,yes,8
2880,14,Both,no,no,yes,8
2890,15,Both,no,no,yes,8
2900,16,Both,no,no,yes,8
2910,17,Both,no,no,yes,8
2920,18,Both,no,no,yes,8
2930,6,Both,no,no,yes,8
2940,7,Both,no,no,yes,8
2950,8,Both,no,no,yes,8
2960,9,Both,no,no,yes,8
2970,10,Both,no,no,yes,8
2980,11,Both,no,no,yes,8
2990,12,Both,no,no,yes,8
3000,13,Both,no,no,yes,8
3010,14,Both,no,no,yes,8
3020,15,Both,no,no,yes,8
3030,16,Both,no,no,yes,8
3040,17,Both,no,no,yes,8
3050,18,Both,no,no,yes,8
3060,6,Both,no,no,yes,8
3070,7,Both,no,no,yes,8
3080,8,Both,no,no,yes,8
3090,9,Both,no,no,yes,8
3100,10,Both,no,no,yes,8
3110,11,Both,no,no,yes,8
3120,12,Both,no,no,yes,8
3130,13,Both,no,no,yes,8
3140,14,Both,no,no,yes,8
3150,15,Both,no,no,yes,8
3160,16,Both,no,no,yes,8
3170,17,Both,no,no,yes,8
3180,18,Both,no,no,yes,8
3190,6,Both,no,no,yes,8
3200,7,Both,no,no,yes,8
3210,8,Both,no,no,yes,8
3220,9,Both,no,no,yes,8
3230,10,Both,no,no,yes,8
3240,11,Both,no,no,yes,8
3250,12,Both,no,no,yes,8
3260,13,Both,no,no,yes,8
3270,14,Both,no,no,yes,8
3280,15,Both,no,no,yes,8
3290,16,Both,no,no,yes,8
3300,17,Both,no,no,yes,8
3310,18,Both,no,no,yes,8
3320,6,Both,no,no,yes,8
3330,7,Both,no,no,yes,8
3340,8,Both,no,no,yes,8
3350,9,Both,no,no,yes,8
3360,10,Both,no,no,yes,8
3370,11,Both,no,no,yes,8
3380,12,Both,no,no,yes,8
3390,13,Both,no,no,yes,8
3400,14,Both,no,no,yes,8
3410,15,Both,no,no,yes,8
3420,16,Both,no,no,yes,8
3430,17,Both,no,no,yes,8
3440,18,Both,no,no,yes,8
3450,6,Both,no,no,yes,8
3460,7,Both,no,no,yes,8
3470,8,Both,no,no,yes,8
3480,9,Both,no,no,yes,8
3490,10,Both,no,no,yes,8
3500,11,Both,no,no,yes,8
3510,12,Both,no,no,yes,8
3520,13,Both,no,no,yes,8
3530,14,Both,no,no,yes,8
3540,15,Both,no,no,yes,8
3550,16,Both,no,no,yes,8
3560,17,Both,no,no,yes,8
3570,18,Both,no,no,yes,8
3580,6,Both,no,no,yes,8
3590,7,Both,no,no,yes,8
3600,8,Both,no,no,yes,8
3610,9,Both,no,no,yes,8
3620,10,Both,no,no,yes,8
3630,11,Both,no,no,yes,8
3640,12,Both,no,no,yes,8
3650,13,Both,no,no,yes,8
3660,14,Both,no,no,yes,8
3670,15,Both,no,no,yes,8
3680,16,Both,no,no,yes,8
3690,17,Both,no,no,yes,8
3700,18,Both,no,no,yes,8
3710,6,Both,no,no,yes,8
3720,7,Both,no,no,yes,8
3730,8,Both,no,no,yes,8
3740,9,Both,no,no,yes,8
3750,10,Both,no,no,yes,8
3760,11,Both,no,no,yes,8
3770,12,Both,no,no,yes,8
3780,13,Both,no,no,yes,8
3790,14,Both,no,no,yes,8
3800,15,Both,no,no,yes,8
3810,16,Both,no,no,yes,8
3820,17,Both,no,no,yes,8
3830,18,Both,no,no,yes,8
3840,6,Both,no,no,yes,8
3850,7,Both,no,no,yes,8
3860,8,Both,no,no,yes,8
3870,9,Both,no,no,yes,8
3880,10,Both,no,no,yes,8
3890,11,Both,no,no,yes,8
3900,12,Both,no,no,yes,8
3910,13,Both,no,no,yes,8
3920,14,Both,no,no,yes,8
3930,15,Both,no,no,yes,8
3940,16,Both,no,no,yes,8
3950,17,Both,no,no,yes,8
3960,18,Both,no,no,yes,8
3970,6,Both,no,no,yes,8
3980,7,Both,no,no,yes,8
3990,8,Both,no,no,yes,8
4000,9,Both,no,no,yes,8
4010,10,Both,no,no,yes,8
4020,11,Both,no,no,yes,8
4030,12,Both,no,no,yes,8
4040,13,Both,no,no,yes,8
4050,14,Both,no,no,yes,8
4060,15,Both,no,no,yes,8
4070,16,Both,no,no,yes,8
4080,17,Both,no,no,yes,8
4090,18,Both,no,no,yes,8
4100,6,Both,no,no,yes,8
4110,7,Both,no,no,yes,8
4120,8,Both,no,no,yes,8
4130,9,Both,no,no,yes,8
4140,10,Both,no,no,yes,8
4150,11,Both,no,no,yes,8
4160,12,Both,no,no,yes,8
4170,13,Both,no,no,yes,8
4180,14,Both,no,no,yes,8
4190,15,Both,no,no,yes,8
4200,16,Both,no,no,yes,8
4210,17,Both,no,no,yes,8
4220,18,Both,no,no,yes,8
4230,6,Both,no,no,yes,8
4240,7,Both,no,no,yes,8
4250,8,Both,no,no,yes,8
4260,9,Both,no,no,yes,8
4270,10,Both,no,no,yes,8
4280,11,Both,no,no,yes,8
4290,12,Both,no,no,yes,8
4300,13,Both,no,no,yes,8
4310,14,Both,no,no,yes,8
4320,15,Both,no,no,yes,8
4330,16,Both,no,no,yes,8
4340,17,Both,no,no,yes,8
4350,18,Both,no,no,yes,8
4360,6,Both,no,no,yes,8
4370,7,Both,no,no,yes,8
4380,8,Both,no,no,yes,8
4390,9,Both,no,no,yes,8
4400,10,Both,no,no,yes,8
4410,11,Both,no,no,yes,8
4420,12,Both,no,no,yes,8
4430,13,Both,no,no,yes,8
4440,14,Both,no,no,yes,8
4450,15,Both,no,no,yes,8
4460,16,Both,no,no,yes,8
4470,17,Both,no,no,yes,8
4480,18,Both,no,no,yes,8
4490,6,Both,no,no,yes,8
4500,7,Both,no,no,yes,8
4510,8,Both,no,no,yes,8
4520,9,Both,no,no,yes,8
4530,10,Both,no,no,yes,8
4540,11,Both,no,no,yes,8
4550,12,Both,no,no,yes,8
4560,13,Both,no,no,yes,8
4570,14,Both,no,no,yes,8
4580,15,Both,no,no,yes,8
4590,16,Both,no,no,yes,8
4600,17,Both,no,no,yes,8
4610,18,Both,no,no,yes,8
4620,6,Both,no,no,yes,8
4630,7,Both,no,no,yes,8
4640,8,Both,no,no,yes,8
4650,9,Both,no,no,yes,8
4660,10,Both,no,no,yes,8
4670,11,Both,no,no,yes,8
4680,12,Both,no,no,yes,8
4690,13,Both,no,no,yes,8
4700,14,Both,no,no,yes,8
4710,15,Both,no,no,yes,8
4720,16,Both,no,no,yes,8
4730,17,Both,no,no,yes,8
4740,18,Both,no,no,yes,8
4750,6,Both,no,no,yes,8
4760,7,Both,no,no,yes,8
4770,8,Both,no,no,yes,8
4780,9,Both,no,no,yes,8
4790,10,Both,no,no,yes,8
4800,11,Both,no,no,yes,8
4810,12,Both,no,no,yes,8
4820,13,Both,no,no,yes,8
4830,14,Both,no,no,yes,8
4840,15,Both,no,no,yes,8
4850,16,Both,no,no,yes,8
4860,17,Both,no,no,yes,8
4870,18,Both,no,no,yes,8
4880,6,Both,no,no,yes,8
4890,7,Both,no,no,yes,8
4900,8,Both,no,no,yes,8
4910,9,Both,no,no,yes,8
4920,10,Both,no,no,yes,8
4930,11,Both,no,no,yes,8
4940,12,Both,no,no,yes,8
4950,13,Both,no,no,yes,8
4960,14,Both,no,no,yes,8
4970,15,Both,no,no,yes,8
4980,16,Both,no,no,yes,8
4990,17,Both,no,no,yes,8
5000,18,Both,no,no,yes,8
5010,6,Both,no,no,yes,8
5020,7,Both,no,no,yes,8
5030,8,Both,no,no,yes,8
5040,9,Both,no,no,yes,8
5050,10,Both,no,no,yes,8
5060,11,Both,no,no,yes,8
5070,12,Both,no,no,yes,8
5080,13,Both,no,no,yes,8
5090,14,Both,no,no,yes,8
5100,15,Both,no,no,yes,8
5110,16,Both,no,no,yes,8
5120,17,Both,no,no,yes,8
5130,18,Both,no,no,yes,8
5140,6,Both,no,no,yes,8
5150,7,Both,no,no,yes,8
5160,8,Both,no,no,yes,8
5170,9,Both,no,no,yes,8
5180,10,Both,no,no,yes,8
5190,11,Both,no,no,yes,8
5200,12,Both,no,no,yes,8
5210,13,Both,no,no,yes,8
5220,14,Both,no,no,yes,8
5230,15,Both,no,no,yes,8
5240,16,Both,no,no,yes,8
5250,17,Both,no,no,yes,8
5260,18,Both,no,no,yes,8
5270,6,Both,no,no,yes,8
5280,7,Both,no,no,yes,8
5290,8,Both,no,no,yes,8
5300,9,Both,no,no,yes,8
5310,10,Both,no,no,yes,8
5320,11,Both,no,no,yes,8
5330,12,Both,no,no,yes,8
5340,13,Both,no,no,yes,8
5350,14,Both,no,no,yes,8
5360,15,Both,no,no,yes,8
5370,16,Both,no,no,yes,8
5380,17,Both,no,no,yes,8
5390,18,Both,no,no,yes,8
5400,6,Both,no,no,yes,8
5410,7,Both,no,no,yes,8
5420,8,Both,no,no,yes,8
5430,9,Both,no,no,yes,8
5440,10,Both,no,no,yes,8
5450,11,Both,no,no,yes,8
5460,12,Both,no,no,yes,8
5470,13,Both,no,no,yes,8
5480,14,Both,no,no,yes,8
5490,15,Both,no,no,yes,8
5500,16,Both,no,no,yes,8
5510,17,Both,no,no,yes,8
5520,18,Both,no,no,yes,8
5530,6,Both,no,no,yes,8
5540,7,Both,no,no,yes,8
5550,8,Both,no,no,yes,8
5560,9,Both,no,no,yes,8
5570,10,Both,no,no,yes,8
5580,11,Both,no,no,yes,8
5590,12,Both,no,no,yes,8
5600,13,Both,no,no,yes,8
5610,14,Both,no,no,yes,8
5620,15,Both,no,no,yes,8
5630,16,Both,no,no,yes,8
5640,17,Both,no,no,yes,8
5650,18,Both,no,no,yes,8
5660,6,Both,no,no,yes,8
5670,7,Both,no,no,yes,8
5680,8,Both,no,no,yes,8
5690,9,Both,no,no,yes,8
5700,10,Both,no,no,yes,8
5710,11,Both,no,no,yes,8
5720,12,Both,no,no,yes,8
5730,13,Both,no,no,yes,8
5740,14,Both,no,no,yes,8
5750,15,Both,no,no,yes,8
5760,16,Both,no,no,yes,8
5770,17,Both,no,no,yes,8
5780,18,Both,no,no,yes,8
5790,6,Both,no,no,yes,8
5800,7,Both,no,no,yes,8
5810,8,Both,no,no,yes,8
5820,9,Both,no,no,yes,8
5830,10,Both,no,no,yes,8
5840,11,Both,no,no,yes,8
5850,12,Both,no,no,yes,8
5860,13,Both,no,no,yes,8
5870,14,Both,no,no,yes,8
5880,15,Both,no,no,yes,8
5890,16,Both,no,no,yes,8
5900,17,Both,no,no,yes,8
5910,18,Both,no,no,yes,8
5920,6,Both,no,no,yes,8
5930,7,Both,no,no,yes,8
5940,8,Both,no,no,yes,8
5950,9,Both,no,no,yes,8
5960,10,Both,no,no,yes,8
5970,11,Both,no,no,yes,8
5980,12,Both,no,no,yes,8
5990,13,Both,no,no,yes,8
6000,14,Both,no,no,yes,8
6010,15,Both,no,no,yes,8
6020,16,Both,no,no,yes,8
6030,17,Both,no,no,yes,8
6040,18,Both,no,no,yes,8
6050,6,Both,no,no,yes,8
6060,7,Both,no,no,yes,8
6070,8,Both,no,no,yes,8
6080,9,Both,no,no,yes,8
6090,10,Both,no,no,yes,8
6100,11,Both,no,no,yes,8
6110,12,Both,no,no,yes,8
6120,13,Both,no,no,yes,8
6130,14,Both,no,no,yes,8
6140,15,Both,no,no,yes,8
6150,16,Both,no,no,yes,8
6160,17,Both,no,no,yes,8
6170,18,Both,no,no,yes,8
6180,6,Both,no,no,yes,8
6190,7,Both,no,no,yes,8
6200,8,Both,no,no,yes,8
6210,9,Both,no,no,yes,8
6220,10,Both,no,no,yes,8
6230,11,Both,no,no,yes,8
6240,12,Both,no,no,yes,8
6250,13,Both,no,no,yes,8
6260,14,Both,no,no,yes,8
6270,15,Both,no,no,yes,8
6280,16,Both,no,no,yes,8
6290,17,Both,no,no,yes,8
6300,18,Both,no,no,yes,8
6310,6,Both,no,no,yes,8
6320,7,Both,no,no,yes,8
6330,8,Both,no,no,yes,8
6340,9,Both,no,no,yes,8
6350,10,Both,no,no,yes,8
6360,11,Both,no,no,yes,8
6370,12,Both,no,no,yes,8
6380,13,Both,no,no,yes,8
6390,14,Both,no,no,yes,8
6400,15,Both,no,no,yes,8
6410,16,Both,no,no,yes,8
6420,17,Both,no,no,yes,8
6430,18,Both,no,no,yes,8
6440,6,Both,no,no,yes,8
6450,7,Both,no,no,yes,8
6460,8,Both,no,no,yes,8
6470,9,Both,no,no,yes,8
6480,10,Both,no,no,yes,8
6490,11,Both,no,no,yes,8
6500,12,Both,no,no,yes,8
6510,13,Both,no,no,yes,8
6520,14,Both,no,no,yes,8
6530,15,Both,no,no,yes,8
6540,16,Both,no,no,yes,8
6550,17,Both,no,no,yes,8
6560,18,Both,no,no,yes,8
6570,6,Both,no,no,yes,8
6580,7,Both,no,no,yes,8
6590,8,Both,no,no,yes,8
6600,9,Both,no,no,yes,8
6610,10,Both,no,no,yes,8
6620,11,Both,no,no,yes,8
6630,12,Both,no,no,yes,8
6640,13,Both,no,no,yes,8
6650,14,Both,no,no,yes,8
6660,15,Both,no,no,yes,8
6670,16,Both,no,no,yes,8
6680,17,Both,no,no,yes,8
6690,18,Both,no,no,yes,8
6700,6,Both,no,no,yes,8
6710,7,Both,no,no,yes,8
6720,8,Both,no,no,yes,8
6730,9,Both,no,no,yes,8
6740,10,Both,no,no,yes,8
6750,11,Both,no,no,yes,8
6760,12,Both,no,no,yes,8
6770,13,Both,no,no,yes,8
6780,14,Both,no,no,yes,8
6790,15,Both,no,no,yes,8
6800,16,Both,no,no,yes,8
6810,17,Both,no,no,yes,8
6820,18,Both,no,no,yes,8
6830,6,Both,no,no,yes,8
6840,7,Both,no,no,yes,8
6850,8,Both,no,no,yes,8
6860,9,Both,no,no,yes,8
6870,10,Both,no,no,yes,8
6880,11,Both,no,no,yes,8
6890,12,Both,no,no,yes,8
6900,13,Both,no,no,yes,8
6910,14,Both,no,no,yes,8
6920,15,Both,no,no,yes,8
6930,16,Both,no,no,yes,8
6940,17,Both,no,no,yes,8
6950,18,Both,no,no,yes,8
6960,6,Both,no,no,yes,8
6970,7,Both,no,no,yes,8
6980,8,Both,no,no,yes,8
6990,9,Both,no,no,yes,8
7000,10,Both,no,no,yes,8
7010,11,Both,no,no,yes,8
7020,12,Both,no,no,yes,8
7030,13,Both,no,no,yes,8
7040,14,Both,no,no,yes,8
7050,15,Both,no,no,yes,8
7060,16,Both,no,no,yes,8
7070,17,Both,no,no,yes,8
7080,18,Both,no,no,yes,8
7090,6,Both,no,no,yes,8
7100,7,Both,no,no,yes,8
7110,8,Both,no,no,yes,8
7120,9,Both,no,no,yes,8
7130,10,Both,no,no,yes,8
7140,11,Both,no,no,yes,8
7150,12,Both,no,no,yes,8
7160,13,Both,no,no,yes,8
7170,14,Both,no,no,yes,8
7180,15,Both,no,no,yes,8
7190,16,Both,no,no,yes,8
7200,17,Both,no,no,yes,8
7210,18,Both,no,no,yes,8
7220,6,Both,no,no,yes,8
7230,7,Both,no,no,yes,8
7240,8,Both,no,no,yes,8
7250,9,Both,no,no,yes,8
7260,10,Both,no,no,yes,8
7270,11,Both,no,no,yes,8
7280,12,Both,no,no,yes,8
7290,13,Both,no,no,yes,8
7300,14,Both,no,no,yes,8
7310,15,Both,no,no,yes,8
7320,16,Both,no,no,yes,8
7330,17,Both,no,no,yes,8
7340,18,Both,no,no,yes,8
7350,6,Both,no,no,yes,8
7360,7,Both,no,no,yes,8
7370,8,Both,no,no,yes,8
7380,9,Both,no,no,yes,8
7390,10,Both,no,no,yes,8
7400,11,Both,no,no,yes,8
7410,12,Both,no,no,yes,8
7420,13,Both,no,no,yes,8
7430,14,Both,no,no,yes,8
7440,15,Both,no,no,yes,8
7450,16,Both,no,no,yes,8
7460,17,Both,no,no,yes,8
7470,18,Both,no,no,yes,8
7480,6,Both,no,no,yes,8
7490,7,Both,no,no,yes,8
7500,8,Both,no,no,yes,8
7510,9,Both,no,no,yes,8
7520,10,Both,no,no,yes,8
7530,11,Both,no,no,yes,8
7540,12,Both,no,no,yes,8
7550,13,Both,no,no,yes,8
7560,14,Both,no,no,yes,8
7570,15,Both,no,no,yes,8
7580,16,Both,no,no,yes,8
7590,17,Both,no,no,yes,8
7600,18,Both,no,no,yes,8
7610,6,Both,no,no,yes,8
7620,7,Both,no,no,yes,8
7630,8,Both,no,no,yes,8
7640,9,Both,no,no,yes,8
7650,10,Both,no,no,yes,8
7660,11,Both,no,no,yes,8
7670,12,Both,no,no,yes,8
7680,13,Both,no,no,yes,8
7690,14,Both,no,no,yes,8
7700,15,Both,no,no,yes,8
7710,16,Both,no,no,yes,8
7720,17,Both,no,no,yes,8
7730,18,Both,no,no,yes,8
7740,6,Both,no,no,yes,8
7750,7,Both,no,no,yes,8
7760,8,Both,no,no,yes,8
7770,9,Both,no,no,yes,8
7780,10,Both,no,no,yes,8
7790,11,Both,no,no,yes,8
7800,12,Both,no,no,yes,8
7810,13,Both,no,no,yes,8
7820,14,Both,no,no,yes,8
7830,15,Both,no,no,yes,8
7840,16,Both,no,no,yes,8
7850,17,Both,no,no,yes,8
7860,18,Both,no,no,yes,8
7870,6,Both,no,no,yes,8
7880,7,Both,no,no,yes,8
7890,8,Both,no,no,yes,8
7900,9,Both,no,no,yes,8
7910,10,Both,no,no,yes,8
7920,11,Both,no,no,yes,8
7930,12,Both,no,no,yes,8
7940,13,Both,no,no,yes,8
7950,14,Both,no,no,yes,8
7960,15,Both,no,no,yes,8
7970,16,Both,no,no,yes,8
7980,17,Both,no,no,yes,8
7990,18,Both,no,no,yes,8
8000,6,Both,no,no,yes,8
8010,7,Both,no,no,yes,8
8020,8,Both,no,no,yes,8
8030,9,Both,no,no,yes,8
8040,10,Both,no,no,yes,8
8050,11,Both,no,no,yes,8
8060,12,Both,no,no,yes,8
8070,13,Both,no,no,yes,8
8080,14,Both,no,no,yes,8
8090,15,Both,no,no,yes,8
8100,16,Both,no,no,yes,8
8110,17,Both,no,no,yes,8
8120,18,Both,no,no,yes,8
8130,6,Both,no,no,yes,8
8140,7,Both,no,no,yes,8
8150,8,Both,no,no,yes,8
8160,9,Both,no,no,yes,8
8170,10,Both,no,no,yes,8
8180,11,Both,no,no,yes,8
8190,12,Both,no,no,yes,8
8200,13,Both,no,no,yes,8
8210,14,Both,no,no,yes,8
8220,15,Both,no,no,yes,8
8230,16,Both,no,no,yes,8
8240,17,Both,no,no,yes,8
8250,18,Both,no,no,yes,8
8260,6,Both,no,no,yes,8
8270,7,Both,no,no,yes,8
8280,8,Both,no,no,yes,8
8290,9,Both,no,no,yes,8
8300,10,Both,no,no,yes,8
8310,11,Both,no,no,yes,8
8320,12,Both,no,no,yes,8
8330,13,Both,no,no,yes,8
8340,14,Both,no,no,yes,8
8350,15,Both,no,no,yes,8
8360,16,Both,no,no,yes,8
8370,17,Both,no,no,yes,8
8380,18,Both,no,no,yes,8
8390,6,Both,no,no,yes,8
8400,7,Both,no,no,yes,8
8410,8,Both,no,no,yes,8
8420,9,Both,no,no,yes,8
8430,10,Both,no,no,yes,8
8440,11,Both,no,no,yes,8
8450,12,Both,no,no,yes,8
8460,13,Both,no,no,yes,8
8470,14,Both,no,no,yes,8
8480,15,Both,no,no,yes,8
8490,16,Both,no,no,yes,8
8500,17,Both,no,no,yes,8
8510,18,Both,no,no,yes,8
8520,6,Both,no,no,yes,8
8530,7,Both,no,no,yes,8
8540,8,Both,no,no,yes,8
8550,9,Both,no,no,yes,8
8560,10,Both,no,no,yes,8
8570,11,Both,no,no,yes,8
8580,12,Both,no,no,yes,8
8590,13,Both,no,no,yes,8
8600,14,Both,no,no,yes,8
8610,15,Both,no,no,yes,8
8620,16,Both,no,no,yes,8
8630,17,Both,no,no,yes,8
8640,18,Both,no,no,yes,8
8650,6,Both,no,no,yes,8
8660,7,Both,no,no,yes,8
8670,8,Both,no,no,yes,8
8680,9,Both,no,no,yes,8
8690,10,Both,no,no,yes,8
8700,11,Both,no,no,yes,8
8710,12,Both,no,no,yes,8
8720,13,Both,no,no,yes,8
8730,14,Both,no,no,yes,8
8740,15,Both,no,no,yes,8
8750,16,Both,no,no,yes,8
8760,17,Both,no,no,yes,8
8770,18,Both,no,no,yes,8
8780,6,Both,no,no,yes,8
8790,7,Both,no,no,yes,8
8800,8,Both,no,no,yes,8
8810,9,Both,no,no,yes,8
8820,10,Both,no,no,yes,8
8830,11,Both,no,no,yes,8
8840,12,Both,no,no,yes,8
8850,13,Both,no,no,yes,8
8860,14,Both,no,no,yes,8
8870,15,Both,no,no,yes,8
8880,16,Both,no,no,yes,8
8890,17,Both,no,no,yes,8
8900,18,Both,no,no,yes,8
8910,6,Both,no,no,yes,8
8920,7,Both,no,no,yes,8
8930,8,Both,no,no,yes,8
8940,9,Both,no,no,yes,8
8950,10,Both,no,no,yes,8
8960,11,Both,no,no,yes,8
8970,12,Both,no,no,yes,8
8980,13,Both,no,no,yes,8
8990,14,Both,no,no,yes,8
9000,15,Both,no,no,yes,8
9010,16,Both,no,no,yes,8
9020,17,Both,no,no,yes,8
9030,18,Both,no,no,yes,8
9040,6,Both,no,no,yes,8
9050,7,Both,no,no,yes,8
9060,8,Both,no,no,yes,8
9070,9,Both,no,no,yes,8
9080,10,Both,no,no,yes,8
9090,11,Both,no,no,yes,8
9100,12,Both,no,no,yes,8
9110,13,Both,no,no,yes,8
9120,14,Both,no,no,yes,8
9130,15,Both,no,no,yes,8
9140,16,Both,no,no,yes,8
9150,17,Both,no,no,yes,8
9160,18,Both,no,no,yes,8
9170,6,Both,no,no,yes,8
9180,7,Both,no,no,yes,8
9190,8,Both,no,no,yes,8
9200,9,Both,no,no,yes,8
9210,10,Both,no,no,yes,8
9220,11,Both,no,no,yes,8
9230,12,Both,no,no,yes,8
9240,13,Both,no,no,yes,8
9250,14,Both,no,no,yes,8
9260,15,Both,no,no,yes,8
9270,16,Both,no,no,yes,8
9280,17,Both,no,no,yes,8
9290,18,Both,no,no,yes,8
9300,6,Both,no,no,yes,8
9310,7,Both,no,no,yes,8
9320,8,Both,no,no,yes,8
9330,9,Both,no,no,yes,8
9340,10,Both,no,no,yes,8
9350,11,Both,no,no,yes,8
9360,12,Both,no,no,yes,8
9370,13,Both,no,no,yes,8
9380,14,Both,no,no,yes,8
9390,15,Both,no,no,yes,8
9400,16,Both,no,no,yes,8
9410,17,Both,no,no,yes,8
9420,18,Both,no,no,yes,8
9430,6,Both,no,no,yes,8
9440,7,Both,no,no,yes,8
9450,8,Both,no,no,yes,8
9460,9,Both,no,no,yes,8
9470,10,Both,no,no,yes,8
9480,11,Both,no,no,yes,8
9490,12,Both,no,no,yes,8
9500,13,Both,no,no,yes,8
9510,14,Both,no,no,yes,8
9520,15,Both,no,no,yes,8
9530,16,Both,no,no,yes,8
9540,17,Both,no,no,yes,8
9550,18,Both,no,no,yes,8
9560,6,Both,no,no,yes,8
9570,7,Both,no,no,yes,8
9580,8,Both,no,no,yes,8
9590,9,Both,no,no,yes,8
9600,10,Both,no,no,yes,8
9610,11,Both,no,no,yes,8
9620,12,Both,no,no,yes,8
9630,13,Both,no,no,yes,8
9640,14,Both,no,no,yes,8
9650,15,Both,no,no,yes,8
9660,16,Both,no,no,yes,8
9670,17,Both,no,no,yes,8
9680,18,Both,no,no,yes,8
9690,6,Both,no,no,yes,8
9700,7,Both,no,no,yes,8
9710,8,Both,no,no,yes,8
9720,9,Both,no,no,yes,8
9730,10,Both,no,no,yes,8
9740,11,Both,no,no,yes,8
9750,12,Both,no,no,yes,8
9760,13,Both,no,no,yes,8
9770,14,Both,no,no,yes,8
9780,15,Both,no,no,yes,8
9790,16,Both,no,no,yes,8
9800,17,Both,no,no,yes,8
9810,18,Both,no,no,yes,8
9820,6,Both,no,no,yes,8
9830,7,Both,no,no,yes,8
9840,8,Both,no,no,yes,8
9850,9,Both,no,no,yes,8
9860,10,Both,no,no,yes,8
9870,11,Both,no,no,yes,8
9880,12,Both,no,no,yes,8
9890,13,Both,no,no,yes,8
9900,14,Both,no,no,yes,8
9910,15,Both,no,no,yes,8
9920,16,Both,no,no,yes,8
9930,17,Both,no,no,yes,8
9940,18,Both,no,no,yes,8
9950,6,Both,no,no,yes,8
9960,7,Both,no,no,yes,8
9970,8,Both,no,no,yes,8
9980,9,Both,no,no,yes,8
9990,10,Both,no,no,yes,8
10000,11,Both,no,no,yes,8
10010,12,Both,no,no,yes,8
10020,13,Both,no,no,yes,8
10030,14,Both,no,no,yes,8
10040,15,Both,no,no,yes,8
10050,16,Both,no,no,yes,8
10060,17,Both,no,no,yes,8
10070,18,Both,no,no,yes,8
10080,6,Both,no,no,yes,8
10090,7,Both,no,no,yes,8
10100,8,Both,no,no,yes,8
10110,9,Both,no,no,yes,8
10120,10,Both,no,no,yes,8
10130,11,Both,no,no,yes,8
10140,12,Both,no,no,yes,8
10150,13,Both,no,no,yes,8
10160,14,Both,no,no,yes,8
10170,15,Both,no,no,yes,8
10180,16,Both,no,no,yes,8
10190,17,Both,no,no,yes,8
10200,18,Both,no,no,yes,8
10210,6,Both,no,no,yes,8
10220,7,Both,no,no,yes,8
10230,8,Both,no,no,yes,8
10240,9,Both,no,no,yes,8
10250,10,Both,no,no,yes,8
10260,11,Both,no,no,yes,8
10270,12,Both,no,no,yes,8
10280,13,Both,no,no,yes,8
10290,14,Both,no,no,yes,8
10300,15,Both,no,no,yes,8
10310,16,Both,no,no,yes,8
10320,17,Both,no,no,yes,8
10330,18,Both,no,no,yes,8
10340,6,Both,no,no,yes,8
10350,7,Both,no,no,yes,8
10360,8,Both,no,no,yes,8
10370,9,Both,no,no,yes,8
10380,10,Both,no,no,yes,8
10390,11,Both,no,no,yes,8
10400,12,Both,no,no,yes,8
10410,13,Both,no,no,yes,8
10420,14,Both,no,no,yes,8
10430,15,Both,no,no,yes,8
10440,16,Both,no,no,yes,8
10450,17,Both,no,no,yes,8
10460,18,Both,no,no,yes,8
10470,6,Both,no,no,yes,8
10480,7,Both,no,no,yes,8
10490,8,Both,no,no,yes,8
10500,9,Both,no,no,yes,8
10510,10,Both,no,no,yes,8
10520,11,Both,no,no,yes,8
10530,12,Both,no,no,yes,8
10540,13,Both,no,no,yes,8
10550,14,Both,no,no,yes,8
10560,15,Both,no,no,yes,8
10570,16,Both,no,no,yes,8
10580,17,Both,no,no,yes,8
10590,18,Both,no,no,yes,8
10600,6,Both,no,no,yes,8
10610,7,Both,no,no,yes,8
10620,8,Both,no,no,yes,8
10630,9,Both,no,no,yes,8
10640,10,Both,no,no,yes,8
10650,11,Both,no,no,yes,8
10660,12,Both,no,no,yes,8
10670,13,Both,no,no,yes,8
10680,14,Both,no,no,yes,8
10690,15,Both,no,no,yes,8
10700,16,Both,no,no,yes,8
10710,17,Both,no,no,yes,8
10720,18,Both,no,no,yes,8
10730,6,Both,no,no,yes,8
10740,7,Both,no,no,yes,8
10750,8,Both,no,no,yes,8
10760,9,Both,no,no,yes,8
10770,10,Both,no,no,yes,8
10780,11,Both,no,no,yes,8
10790,12,Both,no,no,yes,8
10800,13,Both,no,no,yes,8
10810,14,Both,no,no,yes,8
10820,15,Both,no,no,yes,8
10830,16,Both,no,no,yes,8
10840,17,Both,no,no,yes,8
10850,18,Both,no,no,yes,8
10860,6,Both,no,no,yes,8
10870,7,Both,no,no,yes,8
10880,8,Both,no,no,yes,8
10890,9,Both,no,no,yes,8
10900,10,Both,no,no,yes,8
10910,11,Both,no,no,yes,8
10920,12,Both,no,no,yes,8
10930,13,Both,no,no,yes,8
10940,14,Both,no,no,yes,8
10950,15,Both,no,no,yes,8
10960,16,Both,no,no,yes,8
10970,17,Both,no,no,yes,8
10980,18,Both,no,no,yes,8
10990,6,Both,no,no,yes,8
11000,7,Both,no,no,yes,8
11010,8,Both,no,no,yes,8
11020,9,Both,no,no,yes,8
11030,10,Both,no,no,yes,8
11040,11,Both,no,no,yes,8
11050,12,Both,no,no,yes,8
11060,13,Both,no,no,yes,8
11070,14,Both,no,no,yes,8
11080,15,Both,no,no,yes,8
11090,16,Both,no,no,yes,8
11100,17,Both,no,no,yes,8
11110,18,Both,no,no,yes,8
11120,6,Both,no,no,yes,8
11130,7,Both,no,no,yes,8
11140,8,Both,no,no,yes,8
11150,9,Both,no,no,yes,8
11160,10,Both,no,no,yes,8
11170,11,Both,no,no,yes,8
11180,12,Both,no,no,yes,8
11190,13,Both,no,no,yes,8
11200,14,Both,no,no,yes,8
11210,15,Both,no,no,yes,8
11220,16,Both,no,no,yes,8
11230,17,Both,no,no,yes,8
11240,18,Both,no,no,yes,8
11250,6,Both,no,no,yes,8
11260,7,Both,no,no,yes,8
11270,8,Both,no,no,yes,8
11280,9,Both,no,no,yes,8
11290,10,Both,no,no,yes,8
11300,11,Both,no,no,yes,8
11310,12,Both,no,no,yes,8
11320,13,Both,no,no,yes,8
11330,14,Both,no,no,yes,8
11340,15,Both,no,no,yes,8
11350,16,Both,no,no,yes,8
11360,17,Both,no,no,yes,8
11370,18,Both,no,no,yes,8
11380,6,Both,no,no,yes,8
11390,7,Both,no,no,yes,8
11400,8,Both,no,no,yes,8
11410,9,Both,no,no,yes,8
11420,10,Both,no,no,yes,8
11430,11,Both,no,no,yes,8
11440,12,Both,no,no,yes,8
11450,13,Both,no,no,yes,8
11460,14,Both,no,no,yes,8
11470,15,Both,no,no,yes,8
11480,16,Both,no,no,yes,8
11490,17,Both,no,no,yes,8
11500,18,Both,no,no,yes,8
11510,6,Both,no,no,yes,8
11520,7,Both,no,no,yes,8
11530,8,Both,no,no,yes,8
11540,9,Both,no,no,yes,8
11550,10,Both,no,no,yes,8
11560,11,Both,no,no,yes,8
11570,12,Both,no,no,yes,8
11580,13,Both,no,no,yes,8
11590,14,Both,no,no,yes,8
11600,15,Both,no,no,yes,8
11610,16,Both,no,no,yes,8
11620,17,Both,no,no,yes,8
11630,18,Both,no,no,yes,8
11640,6,Both,no,no,yes,8
11650,7,Both,no,no,yes,8
11660,8,Both,no,no,yes,8
11670,9,Both,no,no,yes,8
11680,10,Both,no,no,yes,8
11690,11,Both,no,no,yes,8
11700,12,Both,no,no,yes,8
11710,13,Both,no,no,yes,8
11720,14,Both,no,no,yes,8
11730,15,Both,no,no,yes,8
11740,16,Both,no,no,yes,8
11750,17,Both,no,no,yes,8
11760,18,Both,no,no,yes,8
11770,6,Both,no,no,yes,8
11780,7,Both,no,no,yes,8
11790,8,Both,no,no,yes,8
11800,9,Both,no,no,yes,8
11810,10,Both,no,no,yes,8
11820,11,Both,no,no,yes,8
11830,12,Both,no,no,yes,8
11840,13,Both,no,no,yes,8
11850,14,Both,no,no,yes,8
11860,15,Both,no,no,yes,8
11870,16,Both,no,no,yes,8
11880,17,Both,no,no,yes,8
11890,18,Both,no,no,yes,8
11900,6,Both,no,no,yes,8
11910,7,Both,no,no,yes,8
11920,8,Both,no,no,yes,8
11930,9,Both,no,no,yes,8
11940,10,Both,no,no,yes,8
11950,11,Both,no,no,yes,8
11960,12,Both,no,no,yes,8
11970,13,Both,no,no,yes,8
11980,14,Both,no,no,yes,8
11990,15,Both,no,no,yes,8
12000,16,Both,no,no,yes,8
12010,17,Both,no,no,yes,8
12020,18,Both,no,no,yes,8
12030,6,Both,no,no,yes,8
12040,7,Both,no,no,yes,8
12050,8,Both,no,no,yes,8
12060,9,Both,no,no,yes,8
12070,10,Both,no,no,yes,8
12080,11,Both,no,no,yes,8
12090,12,Both,no,no,yes,8
12100,13,Both,no,no,yes,8
12110,14,Both,no,no,yes,8
12120,15,Both,no,no,yes,8
12130,16,Both,no,no,yes,8
200,4,Both,yes,yes,yes,9
210,3,Both,yes,yes,yes,9
220,6,Both,yes,yes,yes,9
230,7,Both,yes,yes,yes,9
240,8,Both,yes,yes,yes,9
250,9,Both,yes,yes,yes,9
260,10,Both,yes,yes,yes,9
270,11,Both,yes,yes,yes,9
280,14,Both,yes,yes,yes,9
290,15,Both,yes,yes,yes,9
300,15,Both,yes,yes,yes,9
310,16,Both,yes,yes,yes,9
320,17,Both,yes,yes,yes,9
330,9,Both,yes,yes,yes,9
340,10,Both,yes,yes,yes,9
350,15,Both,yes,yes,yes,9
360,16,Both,yes,yes,yes,9
370,17,Both,yes,yes,yes,9
380,18,Both,yes,yes,yes,9
390,6,Both,yes,yes,yes,9
400,7,Both,yes,yes,yes,9
410,8,Both,yes,yes,yes,9
420,9,Both,yes,yes,yes,9
430,10,Both,yes,yes,yes,9
440,11,Both,yes,yes,yes,9
450,12,Both,yes,yes,yes,9
460,13,Both,yes,yes,yes,9
470,14,Both,yes,yes,yes,9
480,15,Both,yes,yes,yes,9
490,16,Both,yes,yes,yes,9
500,1,Both,yes,yes,yes,9
510,2,Both,yes,yes,yes,9
520,3,Both,yes,yes,yes,9
530,4,Both,yes,yes,yes,9
540,5,Both,yes,yes,yes,9
550,6,Both,yes,yes,yes,9
560,7,Both,yes,yes,yes,9
570,8,Both,yes,yes,yes,9
580,9,Both,yes,yes,yes,9
590,10,Both,yes,yes,yes,9
600,11,Both,yes,yes,yes,9
610,12,Both,yes,yes,yes,9
620,13,Both,yes,yes,yes,9
630,14,Both,yes,yes,yes,9
640,15,Both,yes,yes,yes,9
650,16,Both,yes,yes,yes,9
660,17,Both,yes,yes,yes,9
670,18,Both,yes,yes,yes,9
680,1,Both,yes,yes,yes,9
690,2,Both,yes,yes,yes,9
700,3,Both,yes,yes,yes,9
710,4,Both,yes,yes,yes,9
720,5,Both,yes,yes,yes,9
730,6,Both,yes,yes,yes,9
740,7,Both,yes,yes,yes,9
750,8,Both,yes,yes,yes,9
760,9,Both,yes,yes,yes,9
770,10,Both,yes,yes,yes,9
780,11,Both,yes,yes,yes,9
790,12,Both,yes,yes,yes,9
800,13,Both,yes,yes,yes,9
810,14,Both,yes,yes,yes,9
820,15,Both,yes,yes,yes,9
830,16,Both,yes,yes,yes,9
840,17,Both,yes,yes,yes,9
850,18,Both,yes,yes,yes,9
860,1,Both,yes,yes,yes,9
870,2,Both,yes,yes,yes,9
880,3,Both,yes,yes,yes,9
890,4,Both,yes,yes,yes,9
900,5,Both,yes,yes,yes,9
910,6,Both,yes,yes,yes,9
920,7,Both,yes,yes,yes,9
930,8,Both,yes,yes,yes,9
940,9,Both,yes,yes,yes,9
950,10,Both,yes,yes,yes,9
960,11,Both,yes,yes,yes,9
970,12,Both,yes,yes,yes,9
980,13,Both,yes,yes,yes,9
990,14,Both,yes,yes,yes,9
1000,15,Both,yes,yes,yes,9
1010,16,Both,yes,yes,yes,9
1020,17,Both,yes,yes,yes,9
1030,18,Both,yes,yes,yes,9
1040,1,Both,yes,yes,yes,9
1050,2,Both,yes,yes,yes,9
1060,3,Both,yes,yes,yes,9
1070,4,Both,yes,yes,yes,9
1080,5,Both,yes,yes,yes,9
1090,6,Both,yes,yes,yes,9
1100,7,Both,yes,yes,yes,9
1110,8,Both,yes,yes,yes,9
1120,9,Both,yes,yes,yes,9
1130,10,Both,yes,yes,yes,9
1140,11,Both,yes,yes,yes,9
1150,12,Both,yes,yes,yes,9
1160,13,Both,yes,yes,yes,9
1170,14,Both,yes,yes,yes,9
1180,15,Both,yes,yes,yes,9
1190,16,Both,yes,yes,yes,9
1200,17,Both,yes,yes,yes,9
1210,18,Both,yes,yes,yes,9
1220,1,Both,yes,yes,yes,9
1230,2,Both,yes,yes,yes,9
1240,3,Both,yes,yes,yes,9
1250,4,Both,yes,yes,yes,9
1260,5,Both,yes,yes,yes,9
1270,6,Both,yes,yes,yes,9
1280,7,Both,yes,yes,yes,9
1290,8,Both,yes,yes,yes,9
1300,9,Both,yes,yes,yes,9
1310,10,Both,yes,yes,yes,9
1320,11,Both,yes,yes,yes,9
1330,12,Both,yes,yes,yes,9
1340,13,Both,yes,yes,yes,9
1350,14,Both,yes,yes,yes,9
1360,15,Both,yes,yes,yes,9
1370,16,Both,yes,yes,yes,9
1380,17,Both,yes,yes,yes,9
1390,18,Both,yes,yes,yes,9
1400,1,Both,yes,yes,yes,9
1410,2,Both,yes,yes,yes,9
1420,3,Both,yes,yes,yes,9
1430,4,Both,yes,yes,yes,9
1440,5,Both,yes,yes,yes,9
1450,6,Both,yes,yes,yes,9
1460,7,Both,yes,yes,yes,9
1470,8,Both,yes,yes,yes,9
1480,9,Both,yes,yes,yes,9
1490,10,Both,yes,yes,yes,9
1500,11,Both,yes,yes,yes,9
1510,12,Both,yes,yes,yes,9
1520,13,Both,yes,yes,yes,9
1530,14,Both,yes,yes,yes,9
1540,15,Both,yes,yes,yes,9
1550,16,Both,yes,yes,yes,9
1560,17,Both,yes,yes,yes,9
1570,18,Both,yes,yes,yes,9
1580,1,Both,yes,yes,yes,9
1590,2,Both,yes,yes,yes,9
1600,3,Both,yes,yes,yes,9
1610,4,Both,yes,yes,yes,9
1620,5,Both,yes,yes,yes,9
1630,6,Both,yes,yes,yes,9
1640,7,Both,yes,yes,yes,9
1650,8,Both,yes,yes,yes,9
1660,9,Both,yes,yes,yes,9
1670,10,Both,yes,yes,yes,9
1680,11,Both,yes,yes,yes,9
1690,12,Both,yes,yes,yes,9
1700,13,Both,yes,yes,yes,9
1710,14,Both,yes,yes,yes,9
1720,15,Both,yes,yes,yes,9
1730,16,Both,yes,yes,yes,9
1740,17,Both,yes,yes,yes,9
1750,18,Both,yes,yes,yes,9
1760,1,Both,yes,yes,yes,9
1770,2,Both,yes,yes,yes,9
1780,3,Both,yes,yes,yes,9
1790,4,Both,yes,yes,yes,9
1800,5,Both,yes,yes,yes,9
1810,6,Both,yes,yes,yes,9
1820,7,Both,yes,yes,yes,9
1830,8,Both,yes,yes,yes,9
1840,9,Both,yes,yes,yes,9
1850,10,Both,yes,yes,yes,9
1860,11,Both,yes,yes,yes,9
1870,12,Both,yes,yes,yes,9
1880,13,Both,yes,yes,yes,9
1890,14,Both,yes,yes,yes,9
1900,15,Both,yes,yes,yes,9
1910,16,Both,yes,yes,yes,9
1920,17,Both,yes,yes,yes,9
1930,18,Both,yes,yes,yes,9
1940,1,Both,yes,yes,yes,9
1950,2,Both,yes,yes,yes,9
1960,3,Both,yes,yes,yes,9
1970,4,Both,yes,yes,yes,9
1980,5,Both,yes,yes,yes,9
1990,6,Both,yes,yes,yes,9
2000,7,Both,yes,yes,yes,9
2010,8,Both,yes,yes,yes,9
2020,9,Both,yes,yes,yes,9
2030,10,Both,yes,yes,yes,9
2040,11,Both,yes,yes,yes,9
2050,12,Both,yes,yes,yes,9
2060,13,Both,yes,yes,yes,9
2070,14,Both,yes,yes,yes,9
2080,15,Both,yes,yes,yes,9
2090,16,Both,yes,yes,yes,9
2100,17,Both,yes,yes,yes,9
2110,18,Both,yes,yes,yes,9
2120,1,Both,yes,yes,yes,9
2130,2,Both,yes,yes,yes,9
2140,3,Both,yes,yes,yes,9
2150,4,Both,yes,yes,yes,9
2160,5,Both,yes,yes,yes,9
2170,6,Both,yes,yes,yes,9
2180,7,Both,yes,yes,yes,9
2190,8,Both,yes,yes,yes,9
2200,9,Both,yes,yes,yes,9
2210,10,Both,yes,yes,yes,9
2220,11,Both,yes,yes,yes,9
2230,12,Both,yes,yes,yes,9
2240,13,Both,yes,yes,yes,9
2250,14,Both,yes,yes,yes,9
2260,15,Both,yes,yes,yes,9
2270,16,Both,yes,yes,yes,9
2280,17,Both,yes,yes,yes,9
2290,18,Both,yes,yes,yes,9
2300,1,Both,yes,yes,yes,9
2310,2,Both,yes,yes,yes,9
2320,3,Both,yes,yes,yes,9
2330,4,Both,yes,yes,yes,9
2340,5,Both,yes,yes,yes,9
2350,6,Both,yes,yes,yes,9
2360,7,Both,yes,yes,yes,9
2370,8,Both,yes,yes,yes,9
2380,9,Both,yes,yes,yes,9
2390,10,Both,yes,yes,yes,9
2400,11,Both,yes,yes,yes,9
2410,12,Both,yes,yes,yes,9
2420,13,Both,yes,yes,yes,9
2430,14,Both,yes,yes,yes,9
2440,15,Both,yes,yes,yes,9
2450,16,Both,yes,yes,yes,9
2460,17,Both,yes,yes,yes,9
2470,18,Both,yes,yes,yes,9
2480,1,Both,yes,yes,yes,9
2490,2,Both,yes,yes,yes,9
2500,3,Both,yes,yes,yes,9
2510,4,Both,yes,yes,yes,9
2520,5,Both,yes,yes,yes,9
2530,6,Both,yes,yes,yes,9
2540,7,Both,yes,yes,yes,9
2550,8,Both,yes,yes,yes,9
2560,9,Both,yes,yes,yes,9
2570,10,Both,yes,yes,yes,9
2580,11,Both,yes,yes,yes,9
2590,12,Both,yes,yes,yes,9
2600,13,Both,yes,yes,yes,9
2610,14,Both,yes,yes,yes,9
2620,15,Both,yes,yes,yes,9
2630,16,Both,yes,yes,yes,9
2640,17,Both,yes,yes,yes,9
2650,18,Both,yes,yes,yes,9
2660,1,Both,yes,yes,yes,9
2670,2,Both,yes,yes,yes,9
2680,3,Both,yes,yes,yes,9
2690,4,Both,yes,yes,yes,9
2700,5,Both,yes,yes,yes,9
2710,6,Both,yes,yes,yes,9
2720,7,Both,yes,yes,yes,9
2730,8,Both,yes,yes,yes,9
2740,9,Both,yes,yes,yes,9
2750,10,Both,yes,yes,yes,9
2760,11,Both,yes,yes,yes,9
2770,12,Both,yes,yes,yes,9
2780,13,Both,yes,yes,yes,9
2790,14,Both,yes,yes,yes,9
2800,15,Both,yes,yes,yes,9
2810,16,Both,yes,yes,yes,9
2820,17,Both,yes,yes,yes,9
2830,18,Both,yes,yes,yes,9
2840,1,Both,yes,yes,yes,9
2850,2,Both,yes,yes,yes,9
2860,3,Both,yes,yes,yes,9
2870,4,Both,yes,yes,yes,9
2880,5,Both,yes,yes,yes,9
2890,6,Both,yes,yes,yes,9
2900,7,Both,yes,yes,yes,9
2910,8,Both,yes,yes,yes,9
2920,9,Both,yes,yes,yes,9
2930,10,Both,yes,yes,yes,9
2940,11,Both,yes,yes,yes,9
2950,12,Both,yes,yes,yes,9
2960,13,Both,yes,yes,yes,9
2970,14,Both,yes,yes,yes,9
2980,15,Both,yes,yes,yes,9
2990,16,Both,yes,yes,yes,9
3000,17,Both,yes,yes,yes,9
3010,18,Both,yes,yes,yes,9
3020,1,Both,yes,yes,yes,9
3030,2,Both,yes,yes,yes,9
3040,3,Both,yes,yes,yes,9
3050,4,Both,yes,yes,yes,9
3060,5,Both,yes,yes,yes,9
3070,6,Both,yes,yes,yes,9
3080,7,Both,yes,yes,yes,9
3090,8,Both,yes,yes,yes,9
3100,9,Both,yes,yes,yes,9
3110,10,Both,yes,yes,yes,9
3120,11,Both,yes,yes,yes,9
3130,12,Both,yes,yes,yes,9
3140,13,Both,yes,yes,yes,9
3150,14,Both,yes,yes,yes,9
3160,15,Both,yes,yes,yes,9
3170,16,Both,yes,yes,yes,9
3180,17,Both,yes,yes,yes,9
3190,18,Both,yes,yes,yes,9
3200,1,Both,yes,yes,yes,9
3210,2,Both,yes,yes,yes,9
3220,3,Both,yes,yes,yes,9
3230,4,Both,yes,yes,yes,9
3240,5,Both,yes,yes,yes,9
3250,6,Both,yes,yes,yes,9
3260,7,Both,yes,yes,yes,9
3270,8,Both,yes,yes,yes,9
3280,9,Both,yes,yes,yes,9
3290,10,Both,yes,yes,yes,9
3300,11,Both,yes,yes,yes,9
3310,12,Both,yes,yes,yes,9
3320,13,Both,yes,yes,yes,9
3330,14,Both,yes,yes,yes,9
3340,15,Both,yes,yes,yes,9
3350,16,Both,yes,yes,yes,9
3360,17,Both,yes,yes,yes,9
3370,18,Both,yes,yes,yes,9
3380,1,Both,yes,yes,yes,9
3390,2,Both,yes,yes,yes,9
3400,3,Both,yes,yes,yes,9
3410,4,Both,yes,yes,yes,9
3420,5,Both,yes,yes,yes,9
3430,6,Both,yes,yes,yes,9
3440,7,Both,yes,yes,yes,9
3450,8,Both,yes,yes,yes,9
3460,9,Both,yes,yes,yes,9
3470,10,Both,yes,yes,yes,9
3480,11,Both,yes,yes,yes,9
3490,12,Both,yes,yes,yes,9
3500,13,Both,yes,yes,yes,9
3510,14,Both,yes,yes,yes,9
3520,15,Both,yes,yes,yes,9
3530,16,Both,yes,yes,yes,9
3540,17,Both,yes,yes,yes,9
3550,18,Both,yes,yes,yes,9
3560,1,Both,yes,yes,yes,9
3570,2,Both,yes,yes,yes,9
3580,3,Both,yes,yes,yes,9
3590,4,Both,yes,yes,yes,9
3600,5,Both,yes,yes,yes,9
3610,6,Both,yes,yes,yes,9
3620,7,Both,yes,yes,yes,9
3630,8,Both,yes,yes,yes,9
3640,9,Both,yes,yes,yes,9
3650,10,Both,yes,yes,yes,9
3660,11,Both,yes,yes,yes,9
3670,12,Both,yes,yes,yes,9
3680,13,Both,yes,yes,yes,9
3690,14,Both,yes,yes,yes,9
3700,15,Both,yes,yes,yes,9
3710,16,Both,yes,yes,yes,9
3720,17,Both,yes,yes,yes,9
3730,18,Both,yes,yes,yes,9
3740,1,Both,yes,yes,yes,9
3750,2,Both,yes,yes,yes,9
3760,3,Both,yes,yes,yes,9
3770,4,Both,yes,yes,yes,9
3780,5,Both,yes,yes,yes,9
3790,6,Both,yes,yes,yes,9
3800,7,Both,yes,yes,yes,9
3810,8,Both,yes,yes,yes,9
3820,9,Both,yes,yes,yes,9
3830,10,Both,yes,yes,yes,9
3840,11,Both,yes,yes,yes,9
3850,12,Both,yes,yes,yes,9
3860,13,Both,yes,yes,yes,9
3870,14,Both,yes,yes,yes,9
3880,15,Both,yes,yes,yes,9
3890,16,Both,yes,yes,yes,9
3900,17,Both,yes,yes,yes,9
3910,18,Both,yes,yes,yes,9
3920,1,Both,yes,yes,yes,9
3930,2,Both,yes,yes,yes,9
3940,3,Both,yes,yes,yes,9
3950,4,Both,yes,yes,yes,9
3960,5,Both,yes,yes,yes,9
3970,6,Both,yes,yes,yes,9
3980,7,Both,yes,yes,yes,9
3990,8,Both,yes,yes,yes,9
4000,9,Both,yes,yes,yes,9
4010,10,Both,yes,yes,yes,9
4020,11,Both,yes,yes,yes,9
4030,12,Both,yes,yes,yes,9
4040,13,Both,yes,yes,yes,9
4050,14,Both,yes,yes,yes,9
4060,15,Both,yes,yes,yes,9
4070,16,Both,yes,yes,yes,9
4080,17,Both,yes,yes,yes,9
4090,18,Both,yes,yes,yes,9
4100,1,Both,yes,yes,yes,9
4110,2,Both,yes,yes,yes,9
4120,3,Both,yes,yes,yes,9
4130,4,Both,yes,yes,yes,9
4140,5,Both,yes,yes,yes,9
4150,6,Both,yes,yes,yes,9
4160,7,Both,yes,yes,yes,9
4170,8,Both,yes,yes,yes,9
4180,9,Both,yes,yes,yes,9
4190,10,Both,yes,yes,yes,9
4200,11,Both,yes,yes,yes,9
4210,12,Both,yes,yes,yes,9
4220,13,Both,yes,yes,yes,9
4230,14,Both,yes,yes,yes,9
4240,15,Both,yes,yes,yes,9
4250,16,Both,yes,yes,yes,9
4260,17,Both,yes,yes,yes,9
4270,18,Both,yes,yes,yes,9
4280,1,Both,yes,yes,yes,9
4290,2,Both,yes,yes,yes,9
4300,3,Both,yes,yes,yes,9
4310,4,Both,yes,yes,yes,9
4320,5,Both,yes,yes,yes,9
4330,6,Both,yes,yes,yes,9
4340,7,Both,yes,yes,yes,9
4350,8,Both,yes,yes,yes,9
4360,9,Both,yes,yes,yes,9
4370,10,Both,yes,yes,yes,9
4380,11,Both,yes,yes,yes,9
4390,12,Both,yes,yes,yes,9
4400,13,Both,yes,yes,yes,9
4410,14,Both,yes,yes,yes,9
4420,15,Both,yes,yes,yes,9
4430,16,Both,yes,yes,yes,9
4440,17,Both,yes,yes,yes,9
4450,18,Both,yes,yes,yes,9
4460,1,Both,yes,yes,yes,9
4470,2,Both,yes,yes,yes,9
4480,3,Both,yes,yes,yes,9
4490,4,Both,yes,yes,yes,9
4500,5,Both,yes,yes,yes,9
4510,6,Both,yes,yes,yes,9
4520,7,Both,yes,yes,yes,9
4530,8,Both,yes,yes,yes,9
4540,9,Both,yes,yes,yes,9
4550,10,Both,yes,yes,yes,9
4560,11,Both,yes,yes,yes,9
4570,12,Both,yes,yes,yes,9
4580,13,Both,yes,yes,yes,9
4590,14,Both,yes,yes,yes,9
4600,15,Both,yes,yes,yes,9
4610,16,Both,yes,yes,yes,9
4620,17,Both,yes,yes,yes,9
4630,18,Both,yes,yes,yes,9
4640,1,Both,yes,yes,yes,9
4650,2,Both,yes,yes,yes,9
4660,3,Both,yes,yes,yes,9
4670,4,Both,yes,yes,yes,9
4680,5,Both,yes,yes,yes,9
4690,6,Both,yes,yes,yes,9
4700,7,Both,yes,yes,yes,9
4710,8,Both,yes,yes,yes,9
4720,9,Both,yes,yes,yes,9
4730,10,Both,yes,yes,yes,9
4740,11,Both,yes,yes,yes,9
4750,12,Both,yes,yes,yes,9
4760,13,Both,yes,yes,yes,9
4770,14,Both,yes,yes,yes,9
4780,15,Both,yes,yes,yes,9
4790,16,Both,yes,yes,yes,9
4800,17,Both,yes,yes,yes,9
4810,18,Both,yes,yes,yes,9
4820,1,Both,yes,yes,yes,9
4830,2,Both,yes,yes,yes,9
4840,3,Both,yes,yes,yes,9
4850,4,Both,yes,yes,yes,9
4860,5,Both,yes,yes,yes,9
4870,6,Both,yes,yes,yes,9
4880,7,Both,yes,yes,yes,9
4890,8,Both,yes,yes,yes,9
4900,9,Both,yes,yes,yes,9
4910,10,Both,yes,yes,yes,9
4920,11,Both,yes,yes,yes,9
4930,12,Both,yes,yes,yes,9
4940,13,Both,yes,yes,yes,9
4950,14,Both,yes,yes,yes,9
4960,15,Both,yes,yes,yes,9
4970,16,Both,yes,yes,yes,9
4980,17,Both,yes,yes,yes,9
4990,18,Both,yes,yes,yes,9
5000,1,Both,yes,yes,yes,9
5010,2,Both,yes,yes,yes,9
5020,3,Both,yes,yes,yes,9
5030,4,Both,yes,yes,yes,9
5040,5,Both,yes,yes,yes,9
5050,6,Both,yes,yes,yes,9
5060,7,Both,yes,yes,yes,9
5070,8,Both,yes,yes,yes,9
5080,9,Both,yes,yes,yes,9
5090,10,Both,yes,yes,yes,9
5100,11,Both,yes,yes,yes,9
5110,12,Both,yes,yes,yes,9
5120,13,Both,yes,yes,yes,9
5130,14,Both,yes,yes,yes,9
5140,15,Both,yes,yes,yes,9
5150,16,Both,yes,yes,yes,9
5160,17,Both,yes,yes,yes,9
5170,18,Both,yes,yes,yes,9
5180,1,Both,yes,yes,yes,9
5190,2,Both,yes,yes,yes,9
5200,3,Both,yes,yes,yes,9
5210,4,Both,yes,yes,yes,9
5220,5,Both,yes,yes,yes,9
5230,6,Both,yes,yes,yes,9
5240,7,Both,yes,yes,yes,9
5250,8,Both,yes,yes,yes,9
5260,9,Both,yes,yes,yes,9
5270,10,Both,yes,yes,yes,9
5280,11,Both,yes,yes,yes,9
5290,12,Both,yes,yes,yes,9
5300,13,Both,yes,yes,yes,9
5310,14,Both,yes,yes,yes,9
5320,15,Both,yes,yes,yes,9
5330,16,Both,yes,yes,yes,9
5340,17,Both,yes,yes,yes,9
5350,18,Both,yes,yes,yes,9
5360,1,Both,yes,yes,yes,9
5370,2,Both,yes,yes,yes,9
5380,3,Both,yes,yes,yes,9
5390,4,Both,yes,yes,yes,9
5400,5,Both,yes,yes,yes,9
5410,6,Both,yes,yes,yes,9
5420,7,Both,yes,yes,yes,9
5430,8,Both,yes,yes,yes,9
5440,9,Both,yes,yes,yes,9
5450,10,Both,yes,yes,yes,9
500,18,Both,no,yes,no,10
510,19,Both,no,yes,no,10
520,17,Both,no,yes,no,10
530,15,Both,no,yes,no,10
540,13,Both,no,yes,no,10
550,14,Both,no,yes,no,10
560,15,Both,no,yes,no,10
570,16,Both,no,yes,no,10
580,17,Both,no,yes,no,10
590,18,Both,no,yes,no,10
600,19,Both,no,yes,no,10
610,13,Both,no,yes,no,10
620,14,Both,no,yes,no,10
630,15,Both,no,yes,no,10
640,16,Both,no,yes,no,10
650,17,Both,no,yes,no,10
660,18,Both,no,yes,no,10
670,19,Both,no,yes,no,10
680,13,Both,no,yes,no,10
690,14,Both,no,yes,no,10
700,15,Both,no,yes,no,10
710,16,Both,no,yes,no,10
720,17,Both,no,yes,no,10
730,18,Both,no,yes,no,10
740,19,Both,no,yes,no,10
750,13,Both,no,yes,no,10
760,14,Both,no,yes,no,10
770,15,Both,no,yes,no,10
780,16,Both,no,yes,no,10
790,17,Both,no,yes,no,10
800,18,Both,no,yes,no,10
810,19,Both,no,yes,no,10
820,13,Both,no,yes,no,10
830,14,Both,no,yes,no,10
840,15,Both,no,yes,no,10
850,16,Both,no,yes,no,10
860,17,Both,no,yes,no,10
870,18,Both,no,yes,no,10
880,19,Both,no,yes,no,10
890,14,Both,no,yes,no,10
1000,18,Both,no,yes,yes,11
1020,19,Both,no,yes,yes,11
1040,20,Both,no,yes,yes,11
1060,21,Both,no,yes,yes,11
1080,22,Both,no,yes,yes,11
1100,24,Both,no,yes,yes,11
1120,25,Both,no,yes,yes,11
1140,26,Both,no,yes,yes,11
1160,30,Both,no,yes,yes,11
1180,34,Both,no,yes,yes,11
1200,35,Both,no,yes,yes,11
1220,18,Both,no,yes,yes,11
1240,19,Both,no,yes,yes,11
1260,20,Both,no,yes,yes,11
1280,21,Both,no,yes,yes,11
1300,22,Both,no,yes,yes,11
1320,23,Both,no,yes,yes,11
1340,24,Both,no,yes,yes,11
1360,25,Both,no,yes,yes,11
1380,26,Both,no,yes,yes,11
1400,27,Both,no,yes,yes,11
1420,28,Both,no,yes,yes,11
1440,29,Both,no,yes,yes,11
1460,30,Both,no,yes,yes,11
1480,31,Both,no,yes,yes,11
1500,32,Both,no,yes,yes,11
1520,33,Both,no,yes,yes,11
1540,34,Both,no,yes,yes,11
1560,35,Both,no,yes,yes,11
1580,18,Both,no,yes,yes,11
1600,19,Both,no,yes,yes,11
1620,20,Both,no,yes,yes,11
1640,21,Both,no,yes,yes,11
1660,22,Both,no,yes,yes,11
1680,23,Both,no,yes,yes,11
1700,24,Both,no,yes,yes,11
1720,25,Both,no,yes,yes,11
1740,26,Both,no,yes,yes,11
1760,27,Both,no,yes,yes,11
1780,28,Both,no,yes,yes,11
1800,29,Both,no,yes,yes,11
1820,30,Both,no,yes,yes,11
1840,31,Both,no,yes,yes,11
1860,32,Both,no,yes,yes,11
1880,33,Both,no,yes,yes,11
1900,34,Both,no,yes,yes,11
1920,35,Both,no,yes,yes,11
1940,23,Both,no,yes,yes,11
1960,31,Both,no,yes,yes,11
1980,28,Both,no,yes,yes,11